id,treatment_status,pre_spend,post_spend
1,0,132.77,97.7
2,1,107.45,72.5
3,0,90.06,88.9
4,0,36.43,31.49
5,0,150.86,161.83
6,0,33.59,11.88
7,1,128.81,120.79
8,0,26,14.61
9,0,28.61,89.19
10,0,99.27,92.94
11,1,157.5,187.18
12,0,74.25,79.43
13,0,118.72,78.11
14,0,119.56,141.45
15,0,110.24,54.43
16,1,97.92,109.69
17,1,91.41,0
18,0,131.95,109.27
19,0,139.42,102.54
20,0,141.33,112.32
21,1,152.92,128.09
22,0,103.09,79.69
23,0,121.77,106.82
24,0,78.24,45.01
25,0,153.45,176.15
26,0,18.31,0
27,1,51.71,74.69
28,0,142.27,64.19
29,1,46.67,43.22
30,0,93.77,69.94
31,0,114.16,110.25
32,1,75.55,60.87
33,0,83.84,105.75
34,1,78.11,113.47
35,1,112.51,110.11
36,0,135.81,199.29
37,1,77.82,81.66
38,0,161.44,124.24
39,0,140.75,128.35
40,0,44.65,0
41,0,100.5,86.67
42,0,91.45,46.71
43,0,175.71,177.09
44,0,227.32,169.54
45,1,67.92,90.98
46,0,74.98,52.06
47,0,132.11,148.19
48,1,93.5,87.9
49,0,105.29,81.97
50,1,62.98,75.06
51,1,70.8,0
52,0,50.75,112.65
53,1,63.49,0
54,1,104.41,0
55,1,129.04,168.56
56,1,135.01,176
57,0,142.4,103.2
58,0,50.7,40.17
59,1,40.12,81.64
60,0,97.18,43.46
61,1,117.11,102.62
62,1,41.44,0
63,0,56.18,76.55
64,1,102.66,120.42
65,1,136.03,154.85
66,0,88.68,80.51
67,1,62.97,113.17
68,1,131.4,14.39
69,0,30.42,29.6
70,1,153.29,75.09
71,0,80.37,62.66
72,0,83.66,80.89
73,1,141.19,100.1
74,0,34.11,79.85
75,0,74.5,78.1
76,0,48.16,94.4
77,0,78.09,28.2
78,1,0,21.68
79,0,169.84,142.22
80,0,105.84,104.3
81,0,80.25,96.41
82,1,37.48,9.35
83,1,53.08,0
84,0,114.43,26.75
85,1,82.99,119.94
86,1,82.25,122.39
87,1,22.39,35.98
88,1,105.38,73.82
89,1,51.66,109.22
90,0,131.13,196.34
91,0,133.52,102.06
92,1,100.9,94
93,0,63.71,58.24
94,0,94.64,33.43
95,0,133.4,141.21
96,0,141.32,140.29
97,1,101.82,156.57
98,1,92.84,116.05
99,1,80.9,68.49
100,0,143.75,167.79
101,1,62.16,59.03
102,1,40.59,41.12
103,0,117.79,60.34
104,0,86.15,57.89
105,0,112.64,58.89
106,1,142.42,127.77
107,1,35.11,0
108,1,129.76,111.4
109,0,129.35,102.77
110,0,94.52,55.66
111,1,148.06,167.78
112,1,134.36,109.62
113,0,137.19,120.19
114,1,108.34,103.6
115,0,0,50.17
116,1,64.02,115.63
117,0,99.42,33.97
118,1,73.52,30.11
119,0,70.11,139.05
120,1,42.25,77.08
121,0,123.85,127.54
122,0,101.64,92.72
123,1,77.03,94.92
124,0,79.91,94.48
125,1,77.79,105.01
126,1,12.25,0
127,0,81.41,44.64
128,1,219.22,176.56
129,1,199.07,149.12
130,1,159.64,180.1
131,1,113.27,107.05
132,1,59.68,37.43
133,0,163.77,214.5
134,0,108.83,32.63
135,1,124.23,144.38
136,1,91.06,155.38
137,0,99.25,83.63
138,1,125.54,94.92
139,0,138.27,110.36
140,1,122.77,96.72
141,0,123.52,156.02
142,1,158.99,117.83
143,0,111.62,101.12
144,0,124.27,40.38
145,1,181.01,206.76
146,0,165.75,152.73
147,1,123.38,138.08
148,0,107.17,149.26
149,0,118.41,157.91
150,1,101.16,117.7
151,1,73.61,61.6
152,0,63.57,43.91
153,0,123.69,30.99
154,0,126.59,95.84
155,1,151.24,152.06
156,1,72.53,55.74
157,1,81.13,38.35
158,0,150.88,127.04
159,0,139.57,120.73
160,1,58.79,43.46
161,0,135.55,115.19
162,0,107.08,68.76
163,0,94.78,102.02
164,1,143.09,85.21
165,0,110.54,85.13
166,0,107.77,29.52
167,0,104.06,101.14
168,1,127.67,170.86
169,0,116.01,70.13
170,0,119.35,84.48
171,1,155.87,137.63
172,0,97.18,0
173,0,160.52,96.4
174,1,121.44,59.69
175,0,130.24,117.39
176,0,72.36,108.1
177,0,36.13,50.64
178,0,113.9,69.34
179,1,98.32,106.95
180,1,135.45,78.13
181,1,122.15,37.97
182,1,90.59,104.52
183,1,83.72,62.47
184,1,94.53,154.12
185,1,109.92,62.83
186,0,93.61,13.22
187,1,114.24,120.2
188,1,80.78,50.57
189,0,85.4,18.26
190,0,98.19,35.41
191,0,138.31,151.46
192,0,129.08,169.4
193,1,105.74,122.58
194,1,38.51,11.28
195,0,73.64,49.59
196,1,85.48,112.01
197,1,85.16,46.27
198,0,97.12,82.47
199,1,31.04,0
200,0,129.5,154.61
201,1,82.32,25.7
202,0,69.5,64.25
203,0,118.99,105.73
204,1,64.15,86.08
205,1,74.15,88.63
206,0,151.02,132.83
207,1,116.78,138.65
208,0,39.74,51.68
209,0,156.01,230.66
210,0,87.64,50.79
211,1,123.81,61.75
212,1,91.58,0
213,0,58.95,65.47
214,1,109.29,109.31
215,1,33.62,58.49
216,0,118.08,47.07
217,1,95.7,123.82
218,1,84.51,183.47
219,1,100.18,99.78
220,1,128.78,194.61
221,0,129.13,85.57
222,0,96.77,124.89
223,1,107.79,130.77
224,0,90.33,91.47
225,1,140.28,154.97
226,1,102.95,114.71
227,0,118.23,90.63
228,0,132.34,109.12
229,1,14.35,34.88
230,1,98.89,82.48
231,1,105.6,98.81
232,0,166.58,135.09
233,1,112.26,15.37
234,1,78.2,90.13
235,0,111.53,103.79
236,1,108.94,122.91
237,0,168.54,124.21
238,0,136.25,160.13
239,0,31.91,56.81
240,1,30.75,72.41
241,0,100.45,35.13
242,1,74.55,27.72
243,0,95.94,6.56
244,0,0,0
245,1,52.53,32.95
246,1,137.82,145.16
247,0,56.32,40.57
248,1,88.04,88.44
249,0,53.14,91.36
250,0,21.17,0
251,1,104.03,161.53
252,1,112.18,43.46
253,0,112.42,104.09
254,0,97.01,87.28
255,0,127.18,80.3
256,1,126.6,100.56
257,1,40.4,92.67
258,1,169.38,156.09
259,0,93.77,134.05
260,1,98.64,118.13
261,1,72.58,201.07
262,1,49,26.16
263,1,79.45,126.13
264,0,132.19,87.89
265,1,121.78,93.7
266,0,68.04,42.08
267,1,40.37,0
268,1,71,34.89
269,0,112.6,170.33
270,1,58.15,65.85
271,1,120.81,127.42
272,0,145.65,174.78
273,0,204.34,155.6
274,1,98.24,41.38
275,1,55.31,75.27
276,1,105.29,73.61
277,0,88.65,0
278,0,165.55,107.83
279,0,136.7,123.69
280,0,134.62,83.34
281,1,135.47,126.81
282,0,135.95,167
283,1,151.1,188.58
284,1,139.7,136.21
285,0,190.21,154.56
286,1,191.36,85.32
287,0,26.69,0
288,1,105.34,137.51
289,0,170.57,131.62
290,0,27.56,0
291,0,50.33,70.6
292,1,61.59,50.79
293,1,59.92,47.43
294,0,86.37,131.8
295,0,86.92,59.17
296,0,94.06,105.92
297,0,151.41,142.41
298,1,97.37,52.31
299,0,148.85,147.4
300,1,132.68,150.69
301,0,83.99,78.36
302,1,10.86,0
303,1,63.86,106.89
304,0,113.11,51.63
305,1,123.67,40.06
306,1,109.19,96.58
307,0,124.33,161.68
308,0,159.26,110.72
309,1,122.63,104.89
310,0,75.99,20.1
311,1,86.79,65.26
312,0,54.15,15.61
313,1,161.05,188.86
314,0,92.42,65.7
315,0,29.9,0
316,1,165.76,140.88
317,0,93.71,70.2
318,0,119.4,73.53
319,0,56.64,84.72
320,1,76.62,64.78
321,0,72.8,88.24
322,1,134.97,121.28
323,0,81.28,86.7
324,1,76.78,11.12
325,0,46.37,0
326,0,88.03,54.43
327,0,31.12,51.95
328,1,92.19,40.88
329,0,120.7,50.99
330,1,32.61,0
331,1,42.82,22.65
332,0,100.06,49.05
333,1,189.73,117.34
334,1,86.41,77.58
335,0,61.39,31.23
336,0,135.67,130.87
337,1,133.68,85.39
338,1,178.53,194.86
339,0,45.89,66.22
340,1,61.88,35.33
341,1,87.91,38.92
342,1,69.25,47.01
343,0,66.76,10.68
344,0,78.87,11.11
345,0,108.94,119.4
346,1,142.49,49.25
347,0,44.36,134.37
348,0,139.49,75.26
349,1,149.2,169.38
350,0,136.57,199.8
351,0,94.66,51.31
352,1,85.39,118.79
353,0,136.8,116.3
354,0,122.36,100.09
355,0,33.01,17.88
356,1,74.59,78.27
357,1,65.42,34.96
358,0,75.12,118.49
359,0,76.12,119.43
360,1,84.27,69.02
361,1,146.66,223
362,1,110.78,92.65
363,0,53.15,128.34
364,0,92.12,154.88
365,0,162.69,175.96
366,0,129.74,169.85
367,1,75.57,47.76
368,1,127.43,119.91
369,0,57.69,37.95
370,1,180.95,175.95
371,0,46.57,7.04
372,1,55.55,42.85
373,1,97.76,29.83
374,1,60.6,36.11
375,1,143.96,178.8
376,1,78.09,61.32
377,1,124.21,196.82
378,1,116.34,101.25
379,1,76.71,103.69
380,1,122.67,88.51
381,0,67,93.04
382,1,142.95,24.88
383,1,60.09,24.01
384,0,71.64,80.88
385,0,99.74,118.15
386,1,99.94,137.97
387,1,108.11,91.96
388,0,124.42,35.61
389,0,79.12,137.18
390,1,55.13,100.4
391,1,112.03,203.23
392,0,84.81,100.32
393,1,182.19,165.21
394,1,102.91,52.88
395,0,32.85,59.74
396,0,108.26,132.96
397,0,123.43,109.27
398,1,90.96,146.89
399,0,37.07,25.82
400,1,161.6,171.68
401,0,183.63,195.43
402,0,103.11,142.19
403,1,66.15,35.91
404,1,105.96,102.48
405,1,119.86,73.12
406,0,69.21,20.02
407,0,124.15,165.47
408,0,173.46,153.72
409,1,61.08,100.13
410,1,89.39,130.71
411,0,86.61,21.36
412,1,107.57,110.62
413,0,109.1,138.02
414,0,18.07,0
415,1,25.39,0
416,1,33.71,0
417,1,99.78,127.17
418,1,208.3,151.52
419,1,89.7,74.26
420,1,84.92,89.45
421,1,35.87,0
422,0,143.83,162.72
423,0,57.47,62.75
424,1,42.43,60.7
425,0,62.28,0
426,0,135.27,117.2
427,0,89.02,16.83
428,1,81.67,108.36
429,0,69,56.32
430,0,63.77,63.07
431,0,154.97,177.47
432,0,132.07,97.05
433,0,97.03,69.7
434,0,87.83,47.78
435,1,71.47,52.18
436,0,70.09,34.29
437,1,89.88,56.38
438,0,80.73,74.44
439,1,49.05,39.92
440,0,160.56,144.58
441,1,143.28,155.05
442,1,112.01,121.18
443,0,147.36,123.8
444,1,98.95,104.42
445,0,109.61,62.46
446,0,70.54,57.75
447,0,53.48,0
448,0,110.58,100.16
449,1,108.59,126.78
450,1,103.03,92.31
451,1,54.62,73.13
452,1,133.23,130.55
453,0,73.91,136.17
454,1,42.57,33.15
455,1,133.96,159.84
456,0,73.77,68.47
457,1,118.05,122.71
458,0,44.45,70
459,1,127.6,106.46
460,0,25.41,67.11
461,0,90.26,97.4
462,1,140.08,162.34
463,1,111.88,93.15
464,0,75.75,0
465,1,91.23,97.51
466,1,126.08,78.45
467,1,58.14,148.68
468,0,74.25,50.09
469,1,123.57,124.13
470,0,80.75,89.38
471,0,159.59,178.72
472,1,174.32,126.34
473,0,138.63,137.86
474,0,88.62,85.77
475,1,200.12,165.36
476,1,167.28,135.28
477,0,141.89,156.41
478,0,114.69,131.55
479,0,128.51,88.94
480,1,110.48,27.7
481,1,108.26,147.09
482,0,89.05,82.81
483,1,54.82,0
484,1,89.23,123.6
485,1,92.56,124.7
486,1,132.22,101.39
487,1,60.8,36.25
488,0,123.14,118
489,0,81.3,106.64
490,1,39.43,34.94
491,1,128.06,132.27
492,1,144.41,99.64
493,0,93.24,71.03
494,0,54.68,133.35
495,0,108.31,41.4
496,1,128.97,191.83
497,0,75.18,31.69
498,1,64.49,24.53
499,1,98.93,103.75
500,0,65.15,37.5
501,0,122.55,182.41
502,1,62.47,39.9
503,0,76.11,89.51
504,1,112.07,118.92
505,1,74.74,96.04
506,1,115.47,67.48
507,0,127.54,148.13
508,0,83.05,71.57
509,0,173.36,58.6
510,0,25.8,0
511,1,0,0
512,1,150.84,146.63
513,1,97.69,19.46
514,1,130.45,119.31
515,1,114.35,122.2
516,0,72.22,111.77
517,0,148.44,190.18
518,1,96.81,49.62
519,1,68.07,90.34
520,1,187.44,163.12
521,0,114.83,129.16
522,0,147.29,159.77
523,0,101.11,64.5
524,0,135.5,0
525,1,101.78,50.19
526,1,46.79,50.5
527,1,82.88,0
528,0,113.29,117.54
529,1,138.97,142.12
530,1,107.45,139.68
531,1,117.73,202.3
532,1,82.7,74.25
533,0,123.45,157.02
534,1,137.52,124.32
535,1,0,0
536,0,90.52,132.04
537,1,120.65,110.66
538,0,124.47,72.81
539,0,67.56,40.52
540,0,86,41.49
541,1,80.04,68.3
542,1,143.32,161.02
543,1,121.63,162.38
544,0,74.78,109.27
545,1,114.04,128.86
546,0,112.58,136.89
547,0,96.49,69.72
548,0,60.89,22.26
549,0,153.93,175.27
550,1,205.54,228.52
551,1,91.38,143.89
552,1,103.8,31.21
553,1,63.88,48.65
554,1,117.74,112.76
555,1,97.84,49.83
556,0,78.48,5.95
557,0,56.34,0
558,1,122.72,108.61
559,1,109.56,77.33
560,0,71.88,67.01
561,0,18.23,5.77
562,1,173.52,184.68
563,1,40.68,52.06
564,0,74.01,67.24
565,0,154.28,177.58
566,1,67.34,15.21
567,0,137.77,137.39
568,1,47.24,67.88
569,0,62.26,0
570,1,78.96,85.61
571,0,170.72,109.77
572,1,133.67,179.82
573,1,105.14,138.61
574,0,96.92,81.35
575,0,16.76,64.89
576,0,95.36,40.87
577,1,52.05,56.31
578,1,35.89,41.74
579,1,13.56,84.71
580,0,101.29,50.02
581,0,96.5,38.06
582,0,45.67,84.58
583,1,123.96,69.3
584,0,52.39,0
585,1,58.77,151.08
586,0,96.11,71.26
587,0,57.68,54.91
588,1,122.94,123.29
589,0,133.46,137.78
590,0,125.15,170.49
591,0,61.92,63.24
592,1,87.72,101.16
593,1,68.54,101.83
594,0,167.44,253.94
595,0,63.64,119.92
596,1,138.72,166.04
597,1,92.01,95.52
598,1,192.96,179.92
599,1,40.69,111.94
600,1,81.59,97.29
601,0,87.49,65.99
602,0,86.34,0
603,1,74.59,69.86
604,1,118.16,53.79
605,0,102.37,103.72
606,0,38.27,46.84
607,0,84.65,97.42
608,1,100.69,71.72
609,1,29.82,57.46
610,1,89.65,142.76
611,1,96.44,52.83
612,0,60.81,89.15
613,0,73.23,106.64
614,0,129.97,104.69
615,1,84.26,84.19
616,0,131.52,122.33
617,1,86.88,100.7
618,0,72.6,34.59
619,1,101.95,0
620,0,152.02,82.56
621,1,52.86,16.96
622,1,100.5,56.91
623,1,164.47,177.84
624,1,98.92,72.13
625,1,63.61,71.47
626,0,98.18,91.93
627,0,111.55,131.5
628,0,141.41,154.02
629,0,88.95,98.27
630,0,182.86,189.4
631,1,185.48,173.2
632,0,109.11,39
633,1,162.63,188.14
634,0,77.81,92.65
635,1,108.1,93.47
636,0,91.96,55.49
637,1,144.94,164.53
638,1,96.1,163.03
639,1,94.15,87.29
640,1,51.78,25.65
641,0,26.36,61.01
642,0,112.16,86.72
643,1,147.83,188.96
644,0,136.59,152.16
645,0,135.42,101.74
646,1,170.45,152.76
647,1,117.28,135.15
648,0,80.67,21.48
649,1,147.3,101.62
650,0,105.3,72.59
651,0,80.84,55.37
652,1,120.55,142.36
653,1,63.35,11.6
654,0,141.55,182.61
655,1,119.59,72.8
656,0,113.57,119.74
657,0,122.19,161.17
658,0,139.37,131.97
659,1,132.09,94.55
660,0,109.6,73.33
661,1,24.49,36.83
662,1,56.62,73.99
663,1,130.11,72.82
664,0,36.17,0
665,0,121.1,103.31
666,1,94.53,32.66
667,1,154.16,110.51
668,1,51.13,76.8
669,1,92.62,90.79
670,0,25.8,30.55
671,0,80.57,66.99
672,1,102.68,72.13
673,1,102.51,122.7
674,1,89.32,65.58
675,0,110.24,133.07
676,0,62.66,89.73
677,1,178,164.92
678,0,131,201.43
679,1,87.4,69.58
680,1,115.11,162.04
681,0,126.54,146.08
682,1,81.35,58.79
683,0,96.47,110.84
684,0,81.12,56.34
685,1,70.99,64.73
686,0,152.5,162.7
687,1,99.99,166.03
688,1,80.57,22
689,1,104.13,130.15
690,1,117.94,122.17
691,1,84.38,76.07
692,1,0,0
693,0,152.76,111.41
694,0,117.09,107.32
695,0,67.33,114.75
696,1,72.14,15.16
697,0,89.3,49.09
698,1,179.28,144.82
699,0,83.55,118.6
700,1,63.4,45.37
701,1,69.1,20.73
702,1,37.86,65.07
703,0,43.66,38
704,0,78.32,81.35
705,1,50.07,15.06
706,1,89.93,138.58
707,1,53.79,0
708,0,94.98,36.23
709,1,60.08,43.86
710,1,105.9,107.67
711,0,112.07,80.96
712,0,126.62,91.26
713,1,62.84,46.85
714,1,48.44,103.99
715,0,127.54,170.05
716,1,82.43,20.76
717,1,128.79,216.38
718,0,127.65,101.3
719,1,100.61,97.04
720,1,160.33,183
721,1,96.45,121.11
722,0,150.33,236.77
723,1,169.37,133.13
724,1,94.87,153.14
725,1,80.25,124.72
726,1,86.3,155.15
727,1,145.39,79.72
728,0,42.25,0
729,1,89.08,95.47
730,0,68.48,79.65
731,0,125.63,82.68
732,0,94.55,22.07
733,1,83.26,148.62
734,0,0,0
735,1,109.1,190.54
736,1,94.97,95.65
737,0,131.41,69.35
738,1,233.18,225.57
739,1,175.05,180.25
740,0,89.65,64.22
741,0,71.13,0
742,0,63.17,0
743,1,64.23,50.05
744,0,27.32,86.45
745,0,69.81,93.44
746,1,99.09,134.99
747,0,155.43,141
748,1,92.99,77.84
749,0,82.9,52.41
750,0,108.17,76.66
751,0,154.18,134.85
752,1,149.2,194.3
753,1,98.52,55.83
754,1,131.04,111.5
755,0,168.89,153.95
756,0,103.42,116.42
757,1,93.08,69.83
758,0,58.56,0
759,1,64.84,121.16
760,0,62.24,78.9
761,1,114.07,147.75
762,1,94.87,84.56
763,0,52.91,56.57
764,0,155.13,180.32
765,0,29.94,42.5
766,1,95.06,93.56
767,0,125.46,68.97
768,0,33.1,8.45
769,0,85.33,178.08
770,1,39.65,57.02
771,0,92.24,110.94
772,0,63.99,43
773,0,79.73,0
774,1,123.85,64.37
775,1,31.22,0
776,1,68.24,27.37
777,0,32.56,0
778,0,115.15,131.56
779,1,129.69,114.28
780,1,82.63,98.37
781,0,158.67,134.79
782,1,85.43,135.76
783,0,72.4,112.06
784,1,100.81,151.12
785,1,136.44,164.32
786,1,108.63,92.28
787,0,38.99,0
788,0,117.28,99.88
789,1,121.65,129.89
790,1,107.74,27.92
791,1,25.34,35.96
792,1,141.25,152.14
793,1,89.17,89.79
794,1,84.81,111.09
795,0,81,61.08
796,1,105.17,118.23
797,1,88.34,103.36
798,0,90.75,99.77
799,0,76.56,19.09
800,1,141.38,137.07
801,1,127.46,246.48
802,1,102.85,202.37
803,1,58.83,83.69
804,1,121.98,109.57
805,0,87,142.44
806,1,63.51,76.56
807,1,34.05,22.44
808,1,89.4,90.05
809,0,139.76,137.27
810,0,72.76,82.58
811,1,171.57,219.04
812,0,90.82,37.94
813,1,190.26,142.04
814,1,87.83,81.47
815,0,139.79,81.26
816,1,90.17,102.54
817,0,110.24,91.72
818,1,46.13,36.35
819,1,85.93,55.74
820,1,113.49,95.2
821,1,68.97,58.89
822,1,153.04,80.15
823,1,130.22,107.68
824,0,106.78,97.54
825,0,86.22,61.45
826,1,170.71,98.49
827,0,25.75,63.78
828,0,158.66,79.21
829,0,104.25,8.19
830,0,54.77,76.97
831,1,83.99,49.88
832,1,43.65,40.67
833,1,127.72,97.03
834,1,150.88,61.71
835,1,95.73,49.32
836,1,89.67,42.31
837,0,90.78,79.26
838,1,156.42,100.29
839,0,128.36,82.71
840,0,101.02,41.17
841,1,13.46,110.56
842,0,98.6,78.57
843,0,113.85,107.04
844,0,57.26,78.38
845,0,44.48,25.28
846,1,69.69,32.04
847,0,128.05,63.08
848,1,135.8,142.75
849,1,90.56,109.34
850,0,94.39,68.82
851,1,90.24,38.46
852,1,103.45,136.3
853,1,61.71,95.02
854,1,103.45,89.33
855,0,122.71,69.7
856,1,142.06,110.59
857,0,152.93,144.47
858,0,83,6.47
859,0,112.47,129.23
860,0,84.13,77.94
861,1,140.76,206.99
862,0,46.72,74.48
863,1,108.89,58.88
864,0,97.03,34.22
865,1,62.3,17.53
866,1,14.13,0
867,1,60.65,57.63
868,1,82.02,123.17
869,1,71.91,52.02
870,1,126.58,158.58
871,0,176.54,185.06
872,0,167.98,156.31
873,0,158.9,114.67
874,0,145.33,101.83
875,1,96.66,67.34
876,0,88.28,119.17
877,0,147.48,171.69
878,0,65.24,23.53
879,0,98.24,9.82
880,1,121.41,109.4
881,0,148.25,51.15
882,0,143.39,120.42
883,1,133.18,177.38
884,0,87.07,24.15
885,1,103.31,98.52
886,1,97.96,116.62
887,1,57.29,31.98
888,0,135.33,114.36
889,1,81.44,58.04
890,1,98.83,44.34
891,1,95.17,52.6
892,1,112.98,64.51
893,0,69.55,17.32
894,0,204.07,89.2
895,1,102.79,84.1
896,0,101.3,95.66
897,0,67.68,44.7
898,0,106.11,98.07
899,1,70.25,48.69
900,0,97.12,50.68
901,1,44.25,85.64
902,0,30.6,0
903,1,108.26,83.07
904,0,130.05,54.39
905,1,66.88,98.4
906,1,47.1,0
907,1,96.13,51.84
908,0,153.43,119.73
909,0,178.22,126.73
910,1,126.41,24.2
911,0,105.04,136.36
912,1,143,180.08
913,0,24.75,21.34
914,0,131.73,185.93
915,0,130.93,79.61
916,1,110.72,58.98
917,1,93.18,158.41
918,1,174.25,139.23
919,0,61.59,39.04
920,1,116.82,91.5
921,0,95.81,55.54
922,0,66.56,85.53
923,1,173.65,182.08
924,1,109.63,96.43
925,0,89.14,47.13
926,0,104.96,75.52
927,1,83.53,126.54
928,0,131.49,137.14
929,1,127.15,120.06
930,0,117.31,112.3
931,1,117.68,158.13
932,1,137.21,157.22
933,1,142.1,196.07
934,0,92.04,76.32
935,0,64.48,58.19
936,0,163.32,214.13
937,1,74.35,93.72
938,1,59.76,57.11
939,0,109.19,151.58
940,1,100.31,71.22
941,1,52.85,42.56
942,1,52.17,89.21
943,1,59.69,61.72
944,0,136.14,140.7
945,1,88.78,100.15
946,1,86.96,45.71
947,0,113.51,112.62
948,1,115.49,149.78
949,0,60.06,31.21
950,1,164.57,128.48
951,1,64.34,45.6
952,1,85.75,166.73
953,1,188.07,86.56
954,0,90.57,159.53
955,0,68.83,110.59
956,1,72.14,81
957,0,144.31,218.43
958,0,98.78,127.56
959,0,106.18,100.02
960,0,131.47,108.87
961,1,151.43,82.88
962,0,118.53,105.36
963,1,111.73,160.1
964,0,125.37,101.99
965,1,114.63,134.71
966,1,204.9,131.61
967,1,147.93,90.82
968,0,78.49,16.92
969,0,99.15,100.65
970,0,160.13,146.82
971,1,139.86,154.27
972,1,67.75,0
973,0,137.62,179.52
974,1,101.55,63.95
975,0,133.64,124.12
976,1,41.84,62.7
977,0,58.97,41.93
978,0,56.6,20.96
979,1,200.9,143.24
980,1,153.42,160.09
981,0,160.29,133.42
982,1,85.33,13.45
983,0,104.85,0
984,0,92.01,108.02
985,1,99.61,138.58
986,1,63.89,0
987,0,87.19,106.13
988,1,7.39,53.92
989,1,130.79,152.8
990,1,114.98,140.65
991,1,93.68,134.32
992,1,138.12,40.06
993,1,115.74,14.05
994,1,117.06,87.04
995,0,50.43,14.59
996,1,61.36,52.09
997,1,93.87,40.12
998,1,75.77,71.46
999,0,29.91,0
1000,1,118.96,112.18
1001,1,79.13,115.09
1002,1,116.3,50.89
1003,0,36.19,37.72
1004,1,85.99,32.19
1005,1,67.19,107.98
1006,1,130.11,147.98
1007,1,95.2,141.65
1008,1,102.14,41.28
1009,1,106.04,72.78
1010,1,38.57,40.12
1011,0,134.39,94.85
1012,1,41.08,64.62
1013,0,150.64,176.16
1014,0,133.98,92.55
1015,1,112.58,115.24
1016,0,62,67.84
1017,1,49.56,93.57
1018,0,120.99,95.79
1019,0,154.66,97.51
1020,0,87.59,39.66
1021,0,158.69,144.12
1022,1,89.27,65.89
1023,1,0,0
1024,1,114.83,97.52
1025,0,105.83,74.03
1026,0,61.39,96.76
1027,1,143.76,137.9
1028,0,164.7,111.04
1029,1,34.12,35.5
1030,1,74.35,78.45
1031,1,124.03,130.42
1032,1,91.95,115.95
1033,1,84.79,26.68
1034,0,128.38,165.01
1035,0,154.09,137.76
1036,1,93.43,116.9
1037,0,79.77,70.03
1038,0,49.73,44.55
1039,0,52.95,20.42
1040,1,103.14,83.15
1041,0,219.72,218.07
1042,0,97.02,69.34
1043,0,105.06,115.67
1044,0,25.68,28.96
1045,1,97.25,153.87
1046,1,71.76,103.89
1047,0,119.87,138.29
1048,1,115.47,80.48
1049,0,111.74,72.11
1050,1,111.86,47.74
1051,1,145.39,90.66
1052,0,73.65,78
1053,1,71.04,103.99
1054,1,153.51,148.86
1055,0,145.46,97.45
1056,1,71.38,41.36
1057,0,121.76,154.95
1058,0,135.87,139.64
1059,1,112.59,63.5
1060,0,25.63,14.65
1061,1,73.24,14.31
1062,0,106.79,144.95
1063,0,89.56,0
1064,1,143.72,133.31
1065,0,12.5,22.35
1066,0,117.61,185.46
1067,1,101.89,158.79
1068,1,43.83,34.2
1069,0,81.72,40.69
1070,0,116.98,148.58
1071,1,95.01,56.07
1072,1,101.55,49.41
1073,1,85.28,48.89
1074,0,90.96,64.82
1075,0,130.47,136.98
1076,1,67.36,0
1077,1,68.98,99.73
1078,1,95.25,99.43
1079,0,73.21,74.65
1080,0,139.22,84.81
1081,1,57.6,52.5
1082,1,31.78,11.49
1083,0,65.32,60.56
1084,0,167.79,192.58
1085,0,103.87,165.55
1086,1,181.49,135.81
1087,1,97.44,85.69
1088,0,75.14,75.69
1089,0,75.05,81.41
1090,0,63.07,85.61
1091,1,67.37,51.04
1092,1,53.48,42.31
1093,1,101.53,98.43
1094,0,35.7,100.55
1095,1,101.14,69.48
1096,1,54.51,98.63
1097,0,25,49.53
1098,1,121.68,132.91
1099,0,48.39,9.49
1100,0,108.79,135.84
1101,1,72.32,85.48
1102,1,138.49,100.07
1103,0,38.74,69.2
1104,0,87.67,10.91
1105,1,36.87,0
1106,0,45.28,70.46
1107,0,74.8,128.49
1108,0,82.91,75.06
1109,0,122.01,84.77
1110,1,91.83,58.16
1111,1,163.77,139.27
1112,0,75.4,66.44
1113,0,101.81,107.35
1114,0,124.99,142.62
1115,0,64.9,67.98
1116,0,32.7,0
1117,0,124.3,98.95
1118,1,110.82,35.73
1119,0,119.44,86.51
1120,1,107.25,73.01
1121,0,87.56,106.47
1122,1,59.42,0
1123,0,111.82,32.38
1124,1,125.98,121.15
1125,0,87.13,48.27
1126,1,94.26,137.04
1127,1,107.19,66.28
1128,1,144.83,70.72
1129,0,188.85,151.46
1130,1,103.52,134.01
1131,1,84.67,71.07
1132,0,59.23,54.05
1133,1,96.03,122.99
1134,1,102.79,113.01
1135,1,130.62,143.71
1136,1,75.3,66.96
1137,1,60.4,76.67
1138,0,91.89,59.54
1139,0,156.89,154.44
1140,1,158.88,67.92
1141,1,82.66,0
1142,0,194.31,149.42
1143,1,69.49,59.91
1144,0,68.36,53.52
1145,0,98.99,80.02
1146,0,44.22,53.77
1147,0,110.95,117.56
1148,0,2.24,0
1149,0,83.53,98.17
1150,1,94.84,87.57
1151,1,101.92,105.59
1152,1,75.63,89.15
1153,1,97.1,140.98
1154,0,126.64,59.41
1155,1,54.51,35.94
1156,1,100.22,105.72
1157,1,91.41,88.95
1158,0,119.75,81.13
1159,0,98.05,78.22
1160,0,136.1,95.02
1161,1,83.89,27.09
1162,0,142.62,97.76
1163,1,87.89,105.86
1164,0,153.35,163.06
1165,0,19.45,55.61
1166,1,171.27,67.75
1167,0,0,0
1168,0,119.81,176.07
1169,1,51.32,66.31
1170,0,118.32,111.56
1171,0,147.7,204.36
1172,0,113.02,11.22
1173,1,171.13,192.59
1174,0,125.45,132.57
1175,1,67.12,92.68
1176,0,131.74,105.04
1177,0,121.84,145.85
1178,1,134.1,195.67
1179,1,141.34,165.77
1180,0,166.04,212.7
1181,1,126.07,134.45
1182,1,126.37,114.25
1183,1,134.31,98.12
1184,0,125.79,171.15
1185,0,35.71,32.16
1186,1,122.55,115.79
1187,1,74.85,39.79
1188,0,66.55,117.1
1189,0,97.59,80.98
1190,0,48.97,0
1191,0,76,156.31
1192,1,98.41,155.72
1193,0,69.1,102.47
1194,1,46.26,95.39
1195,1,107.02,137.67
1196,1,87.13,113.93
1197,0,87.36,30.34
1198,0,117.46,46.03
1199,1,106.95,134.38
1200,1,170.06,127.46
1201,0,82.65,97.75
1202,1,125.66,172.42
1203,1,84,55.07
1204,1,41.61,63.51
1205,1,61.3,47.42
1206,0,48.83,175.14
1207,0,105.05,28.22
1208,0,63.1,101.73
1209,1,76.6,44.25
1210,0,71.73,83.26
1211,1,57.91,0
1212,1,104.61,167.83
1213,1,116.13,39.41
1214,1,49.92,38.71
1215,1,122.86,149.72
1216,1,126.72,177.2
1217,1,9.53,22.9
1218,1,91.15,92.34
1219,0,96.06,59.61
1220,1,96.93,55.05
1221,0,160.1,134.34
1222,1,117.67,43.2
1223,0,159.82,94.24
1224,1,106.83,147.28
1225,0,104.99,45.84
1226,1,81.02,99.62
1227,0,62.8,45.11
1228,0,129.9,34.08
1229,0,133.9,169.16
1230,0,168.9,136.65
1231,1,112.61,97.27
1232,1,142.08,152.28
1233,0,180.36,137.71
1234,1,153.89,102.9
1235,1,91.38,69.18
1236,1,142.82,203.04
1237,1,64.98,71.35
1238,1,52.94,9.32
1239,0,87.04,125.03
1240,0,83.79,100.59
1241,0,61.13,45.87
1242,0,70.45,71.99
1243,0,77.5,179.92
1244,0,118.81,62.6
1245,1,183.82,217.45
1246,1,72.74,73.77
1247,0,122.41,54.2
1248,0,113.94,75.2
1249,0,134.86,85.53
1250,1,86.48,79.65
1251,1,161.12,123.67
1252,0,107.48,40.27
1253,0,22.59,44.69
1254,1,138.06,134.85
1255,0,90.82,56.58
1256,0,112.6,121.76
1257,0,78.12,104.54
1258,0,125.03,127.19
1259,1,99.08,98.96
1260,1,181.78,166.64
1261,0,189.96,157.26
1262,1,189.86,251.12
1263,1,1.52,120.44
1264,0,112.59,111.76
1265,0,167.11,112.03
1266,0,61.09,76.71
1267,0,152.69,132.46
1268,0,113.51,127.95
1269,1,169.57,149.06
1270,0,102.11,129.76
1271,0,56.92,138.45
1272,1,159.54,99.79
1273,0,134.93,82.67
1274,0,115.65,57.7
1275,1,113.53,119.15
1276,1,117.98,52.46
1277,0,104.48,141.9
1278,1,138.94,128.89
1279,1,112.51,150.27
1280,0,104.75,54.94
1281,1,65,71.77
1282,0,126.75,123.99
1283,1,50.94,33.42
1284,1,91.44,90.15
1285,0,113.41,52.28
1286,0,109.34,101.99
1287,1,101.25,17.4
1288,0,173.13,115.57
1289,0,194.62,152.77
1290,0,76.58,80.35
1291,1,83.5,89.13
1292,0,156.1,131.66
1293,1,146.89,139.18
1294,0,70.23,64.31
1295,1,147.03,138.25
1296,1,113.91,24.1
1297,1,108.03,69.12
1298,0,57.2,0
1299,1,41.49,143.56
1300,0,149.34,145.52
1301,0,123.44,73.82
1302,1,85.68,63.58
1303,0,119.08,111.58
1304,0,69.64,24.9
1305,0,122.42,76.51
1306,1,110.9,146.28
1307,0,46.6,0
1308,1,92.48,209.03
1309,0,81.11,129.95
1310,0,80.49,121.31
1311,1,114.46,111.17
1312,1,89.62,144.03
1313,1,189.51,130.27
1314,1,42.09,0
1315,1,110.23,88.34
1316,0,94.86,117.18
1317,0,138.45,119.77
1318,0,87.57,74.57
1319,1,120.84,42.03
1320,1,61.51,11.95
1321,0,74.82,65.41
1322,1,66.45,77.99
1323,1,62.28,91.83
1324,0,75.59,79.9
1325,1,70.25,81.6
1326,1,131.97,44.77
1327,1,89.23,108.61
1328,1,94.83,57.86
1329,1,95.49,59.78
1330,1,122.54,155.29
1331,0,114.44,107.13
1332,1,119.31,104.54
1333,0,151.28,111.39
1334,1,109.54,99.05
1335,1,108.6,150.26
1336,1,79.76,32.48
1337,0,84.12,63.64
1338,1,84.44,50.24
1339,0,111.67,126.14
1340,1,165.2,204.39
1341,0,146.25,159.58
1342,0,148.98,134.22
1343,1,65.98,0
1344,0,133.4,147.7
1345,1,143.89,95.25
1346,0,87.13,89.33
1347,1,97.93,100.1
1348,1,78.46,69.6
1349,0,80.27,62.21
1350,0,161.62,145.58
1351,0,178.62,121.76
1352,0,137.95,130.04
1353,0,119.26,108.51
1354,1,83.67,73.9
1355,0,98.93,112.73
1356,1,64.61,34.46
1357,0,168.16,147.37
1358,0,80.93,0
1359,0,59.68,0
1360,0,58.66,35.95
1361,1,113.76,94.46
1362,1,83.66,49.26
1363,1,33.05,63.67
1364,0,134.6,192.76
1365,0,138.04,112.39
1366,1,98.14,106.46
1367,1,72.22,13.79
1368,1,80.11,110.98
1369,0,98.77,93.7
1370,0,102.27,122.88
1371,0,31.59,43.23
1372,1,124.69,122.47
1373,0,61.96,68.69
1374,0,108.68,133.02
1375,0,71.63,35.74
1376,0,34.67,27.02
1377,1,97.64,84.88
1378,0,175.92,139.5
1379,1,86.56,58.01
1380,1,54.02,16.66
1381,1,118.18,116.87
1382,1,117.46,180.49
1383,0,103.82,131.55
1384,1,34.61,24.43
1385,0,47.92,39.92
1386,0,122.34,144.72
1387,1,103.38,95.95
1388,1,119.98,89.45
1389,1,103.85,52.54
1390,0,130.75,99.78
1391,1,116.42,90.9
1392,0,93.16,83.77
1393,0,35.64,55.93
1394,0,132.72,115
1395,0,85.11,106.23
1396,0,126.33,130.64
1397,1,112.76,142.1
1398,0,104.46,119.7
1399,0,136.73,148.12
1400,1,76.07,68.87
1401,1,113.13,138.67
1402,0,80.13,37.35
1403,0,89.03,68.75
1404,1,107.33,102.41
1405,0,107.09,99.3
1406,1,81.51,59.61
1407,0,79.76,92.39
1408,1,90.03,89.53
1409,1,11.24,52.49
1410,1,55.33,139.68
1411,0,99.63,102.06
1412,1,133.88,112.6
1413,0,93,182.5
1414,1,70.39,83.69
1415,0,111.64,131.78
1416,0,148.42,109.39
1417,0,110.54,76.48
1418,0,108.33,34.72
1419,1,103.39,125.32
1420,1,168.56,150.95
1421,0,145.33,78.25
1422,1,80.02,78.5
1423,0,134.41,170.73
1424,0,104.18,40.32
1425,1,136.28,147.52
1426,1,76.25,37.16
1427,1,174.85,174.98
1428,0,97.45,76.19
1429,0,94.39,59.82
1430,0,127.54,153.03
1431,0,104.61,140.53
1432,1,38.29,13.15
1433,1,65.89,88.56
1434,0,114.3,147.5
1435,0,85.19,90.95
1436,1,80.46,110.79
1437,1,119.62,132.06
1438,0,39.55,0
1439,1,64.33,49.45
1440,1,99.36,124.55
1441,1,102.39,63.19
1442,0,122.76,15.18
1443,1,45.25,81.33
1444,0,98.9,133.95
1445,1,76.7,157.15
1446,1,85.34,110.39
1447,0,148.39,171.05
1448,1,72.1,54.98
1449,1,133.55,166.98
1450,0,69,163.41
1451,0,80.5,52.25
1452,1,61.19,80.1
1453,0,117.93,100.82
1454,0,129,156.7
1455,0,85.8,58.91
1456,0,123.24,129.59
1457,1,130.93,168.35
1458,0,122.83,161.02
1459,0,73.36,153.35
1460,0,30.64,7.55
1461,1,57.26,76.05
1462,0,103.78,117.93
1463,1,112.94,166.35
1464,0,106.93,59.82
1465,1,114.09,186.13
1466,0,88.58,67.01
1467,0,134.97,210.73
1468,1,105.75,83.08
1469,0,93.64,113.36
1470,1,169.74,160.47
1471,1,147.02,90.01
1472,0,94.74,36.52
1473,0,88.83,72.15
1474,0,145.72,89.66
1475,1,113.73,103.67
1476,0,50.9,60.76
1477,1,34.91,12.73
1478,1,179.28,157.95
1479,0,126.69,106.76
1480,1,123.91,119.88
1481,1,45.83,66.65
1482,1,25.07,11.37
1483,0,93.28,99.59
1484,0,135.98,129.06
1485,0,102.87,47.42
1486,0,70.6,70.21
1487,0,88.6,70.91
1488,1,117.88,49.09
1489,1,59.48,84.95
1490,0,133.86,145.1
1491,1,96.53,26.81
1492,0,107.72,64.33
1493,0,122.91,44.51
1494,1,103.66,74.59
1495,1,101.35,129.88
1496,0,105.07,83.75
1497,1,98.62,109.05
1498,0,108.32,106.78
1499,1,85.92,87.6
1500,1,44.33,6.52
1501,0,101.33,123.77
1502,1,76.84,123.81
1503,0,74.76,44.13
1504,1,144.93,121.57
1505,1,36.39,19.15
1506,1,120.75,140.76
1507,0,97.59,24.58
1508,1,74.1,23.49
1509,0,41.26,34.1
1510,0,57.17,37.71
1511,0,46.99,0
1512,0,104.39,128.31
1513,0,88.27,114.75
1514,1,101.9,66.82
1515,0,47.77,76.12
1516,1,69.51,125.93
1517,1,62.78,138.29
1518,0,90.3,107.63
1519,0,48.54,32.59
1520,0,51.21,5.29
1521,0,104.79,13.64
1522,0,89.18,95.75
1523,0,104.34,50.94
1524,0,111.89,108.13
1525,0,164.78,241.78
1526,0,28.37,69.4
1527,0,32.96,11.87
1528,0,90.87,59.39
1529,0,63.15,12.44
1530,0,79.09,36.66
1531,0,73.32,46.2
1532,1,130.25,60.18
1533,0,112.26,124.49
1534,1,111.27,84.24
1535,0,87.92,76.56
1536,0,134.4,133.87
1537,0,93.38,133.15
1538,0,66.08,88.14
1539,0,127.09,128.6
1540,0,103.23,28.47
1541,0,113.33,102.24
1542,1,91.13,53.16
1543,0,82.17,37.57
1544,1,37.04,108.16
1545,1,144.18,144.58
1546,1,158.85,95.88
1547,1,80.47,94.21
1548,0,76.33,137.5
1549,0,123.27,109.44
1550,1,99.24,0
1551,1,127.41,107.79
1552,1,7.63,0
1553,0,73.2,55.35
1554,1,53.31,66.53
1555,1,97.74,75.51
1556,0,132.39,132.78
1557,1,49.67,39.62
1558,1,150.16,121.5
1559,1,97,47.31
1560,1,71.01,61.31
1561,0,107.47,99.4
1562,0,165.46,152.02
1563,0,130.71,93.16
1564,1,95.06,132.47
1565,1,127.03,81.85
1566,0,100.66,64.81
1567,0,91.49,81.71
1568,0,130.09,93.12
1569,0,133.88,88.12
1570,0,101.58,98.62
1571,0,68.18,78.46
1572,1,31.64,39.43
1573,0,73.98,81.65
1574,0,105.28,91.29
1575,1,83.7,106.71
1576,0,75.01,52.68
1577,1,135.21,189.41
1578,0,175.58,161.15
1579,1,48.39,0
1580,1,91.64,115.65
1581,0,76.65,81.64
1582,1,53,96.09
1583,1,58.26,64.13
1584,0,91.41,111.28
1585,0,67.5,115.59
1586,0,110.84,47.67
1587,0,85.95,90.88
1588,0,56.27,102.98
1589,1,128.1,137.72
1590,1,114.88,45.92
1591,1,103.31,156.32
1592,0,109.08,143.61
1593,1,75.92,71.06
1594,1,120.8,170.5
1595,1,81.48,64.16
1596,1,129.09,99.72
1597,1,110.38,163.8
1598,1,48.05,93.09
1599,1,119.29,183.98
1600,0,83.73,75.93
1601,1,85.69,82.2
1602,1,117.56,186.4
1603,1,134.62,108.74
1604,1,124.77,82.42
1605,1,132.54,100.53
1606,0,111.99,70.7
1607,1,152.24,151.66
1608,1,70.25,35.03
1609,0,98.32,118.32
1610,1,59.18,130.06
1611,0,125.85,63.84
1612,0,72.77,77.25
1613,1,65.24,44.41
1614,0,110.49,125.62
1615,0,99.25,86.63
1616,0,78.49,119.07
1617,1,140.39,120.15
1618,1,60.83,73.58
1619,1,64.09,15.91
1620,1,193.59,94.46
1621,1,99.18,31.2
1622,0,175.06,144.2
1623,1,121.38,57.63
1624,0,109.46,91.5
1625,1,139.97,122.15
1626,1,119.35,41.87
1627,0,96.14,10.95
1628,1,113.06,81.54
1629,0,92.94,76.03
1630,0,40.84,0
1631,0,78.55,56.57
1632,0,50.65,17.16
1633,0,49.51,81.05
1634,0,115.58,53.53
1635,0,139.2,129.44
1636,1,77.88,164.02
1637,1,158.24,139.18
1638,0,153,193.14
1639,1,27.29,61.48
1640,1,51.42,18.58
1641,1,108.93,22.13
1642,0,56.49,43.2
1643,1,38.32,11.82
1644,0,67.17,84.81
1645,0,61.09,90.52
1646,1,130.26,152.4
1647,0,150.34,178.14
1648,0,85.73,94.94
1649,1,10.98,36.67
1650,0,93.77,119.28
1651,1,125.14,53.38
1652,1,147.96,127.45
1653,0,134.75,91.24
1654,1,128.26,155.06
1655,1,11.55,30.45
1656,0,68.31,26.88
1657,0,160.7,119.64
1658,0,185.71,183.56
1659,0,129.58,133.06
1660,0,138.47,170.18
1661,0,92.72,98.13
1662,0,118.24,92.09
1663,1,96.32,170.92
1664,0,121.18,163.07
1665,0,73.03,31.27
1666,0,89.98,41.24
1667,1,139.3,105.05
1668,0,138.5,131.71
1669,0,74.56,58.76
1670,1,89.5,161.73
1671,0,143.11,96.43
1672,0,84.77,101.34
1673,1,64.1,111.57
1674,1,118.25,54.02
1675,1,133.5,203.85
1676,0,92.68,81.14
1677,1,87.01,86.76
1678,0,79.14,99.41
1679,0,142.26,92.61
1680,0,135.87,182.99
1681,0,143.87,54.91
1682,1,94.63,70.91
1683,0,129.78,97.13
1684,1,89.2,120.2
1685,0,9.39,66.47
1686,1,55.44,73.29
1687,1,32.97,0
1688,0,39.77,5.55
1689,1,213.5,180.06
1690,0,147.58,164.6
1691,1,176.46,228.59
1692,1,54.3,106.12
1693,1,153.33,149.4
1694,1,152.71,66.2
1695,0,82.02,61.57
1696,0,82.64,42.63
1697,0,87.71,175.8
1698,1,89.29,133.21
1699,1,156.44,127.91
1700,1,89.22,71.1
1701,1,39.76,40.61
1702,1,101.4,61.49
1703,1,82.94,95.67
1704,1,103.97,136.85
1705,0,103.03,80.46
1706,1,118.17,112.03
1707,1,154.3,199.03
1708,1,154.01,133.38
1709,0,97.89,34.65
1710,0,121.97,127.05
1711,0,178.9,153.5
1712,1,122.9,104.36
1713,0,103.21,109.75
1714,0,152.09,140.27
1715,0,136.79,191.33
1716,0,104.88,121.34
1717,1,56.29,101.8
1718,0,115.52,116.03
1719,0,39.57,61.66
1720,0,64.77,49.32
1721,1,80.24,51.24
1722,1,119.92,123.28
1723,1,41.93,76.72
1724,1,85.13,114.89
1725,1,129.93,115.7
1726,1,97.12,61.08
1727,1,46.96,73.38
1728,1,123.65,131.85
1729,1,118.56,38.38
1730,0,48.66,17.67
1731,0,62.66,12.4
1732,1,165.72,133.07
1733,1,69.15,68.11
1734,1,117.25,122.89
1735,1,178.85,132.48
1736,0,107.91,104.16
1737,1,173.13,171.59
1738,0,144.67,68.14
1739,0,172.85,203.85
1740,1,103.34,88.09
1741,1,134.28,99.54
1742,0,130.94,138.54
1743,1,154.59,148.65
1744,1,91.2,95.65
1745,1,109.28,79.34
1746,1,106.45,89.78
1747,0,17.04,0
1748,0,100.51,75.53
1749,0,118.27,78.07
1750,1,78.41,113.02
1751,1,129.95,172.99
1752,1,80.74,52.69
1753,0,57.15,14.45
1754,0,53.29,88.55
1755,1,84.38,86.81
1756,0,156.6,151.13
1757,0,87.32,103.86
1758,1,126.94,116.55
1759,0,98.3,133.49
1760,1,53.79,61.29
1761,0,80.98,57.02
1762,0,67.84,122.81
1763,1,130.98,140.08
1764,1,105.22,116.94
1765,1,83.1,24.95
1766,1,117.33,48.18
1767,0,26.61,22.3
1768,1,99.73,47.22
1769,0,104.72,81.82
1770,0,34.22,45.39
1771,0,104.81,200.79
1772,1,105.22,112.94
1773,0,159.31,108.98
1774,0,127.05,87.15
1775,1,89.83,95.31
1776,0,28.86,0
1777,0,171.75,172.66
1778,1,111.09,77.27
1779,1,88.06,154.39
1780,0,121.46,129.67
1781,0,17.56,0
1782,0,26.46,67.17
1783,1,86.62,37.81
1784,1,117.88,96.53
1785,1,134.87,120.9
1786,1,53.22,130.28
1787,1,79.77,108.01
1788,1,112.47,141.39
1789,0,63.09,67.67
1790,0,67.78,85.81
1791,1,111.64,147.09
1792,0,84.94,97.61
1793,0,79.56,30.73
1794,1,95.4,149.29
1795,1,174.61,170.49
1796,1,68.13,42.74
1797,0,119.66,129.99
1798,0,198.53,156.27
1799,0,109.06,29.09
1800,1,89.85,107.97
1801,1,88.15,168.77
1802,1,72.08,73.19
1803,1,59.27,32.28
1804,1,30.13,115.97
1805,0,113.66,42.65
1806,1,113.91,97.96
1807,1,49.36,68.77
1808,1,118.97,42.86
1809,0,116.35,108.93
1810,0,136.12,100.35
1811,0,172.88,164.91
1812,0,52.16,76.34
1813,1,3.49,0
1814,1,62.86,102.86
1815,1,124.09,141.98
1816,1,70.6,68.97
1817,1,164.29,157.35
1818,0,45.53,17.06
1819,1,78.75,65.84
1820,0,73.11,42.44
1821,1,122.85,66.64
1822,1,108.15,122.18
1823,0,64.09,0
1824,0,96.78,67.99
1825,0,40.4,7.22
1826,0,72.79,45.72
1827,0,84.28,64.62
1828,0,102.34,105.45
1829,0,94.78,62.54
1830,1,34.08,89.42
1831,1,44.59,52.68
1832,1,76.97,48.08
1833,0,119.63,90.59
1834,1,161.25,214.04
1835,0,174.16,159.72
1836,1,83.59,13.78
1837,1,94.1,130.33
1838,0,22.63,24.93
1839,0,60.99,76.61
1840,1,134.73,90.08
1841,0,52.36,113.74
1842,1,69.91,0
1843,0,76.73,92.34
1844,0,95.93,6.73
1845,0,109.4,48.26
1846,0,75.15,46.21
1847,0,125.94,60.26
1848,1,73.38,132.17
1849,1,135.45,89.04
1850,0,127.34,55.76
1851,0,145.99,69.81
1852,1,95.37,59.61
1853,0,5.38,0
1854,1,158.68,78.52
1855,0,174.28,113.8
1856,1,70.03,131.7
1857,0,64.63,25.25
1858,0,114.45,64.01
1859,0,145.31,215.44
1860,0,90.57,95.54
1861,0,112.02,117.95
1862,1,106.87,65.01
1863,1,94.32,100.32
1864,1,9.45,0
1865,1,114.74,41.93
1866,0,120.62,141.25
1867,1,77.88,69.16
1868,0,80.18,37.66
1869,1,95.93,82.16
1870,1,81.34,78.59
1871,0,66.39,48.66
1872,0,59.52,12.57
1873,1,84.73,93.17
1874,0,43.45,0
1875,0,122.78,91.05
1876,1,88.34,58.73
1877,1,115.66,65.09
1878,0,159.26,88.19
1879,1,95.9,140.69
1880,1,120.57,134.2
1881,0,89.56,70.81
1882,1,84.7,107.04
1883,0,151.72,135.93
1884,1,102.64,67.74
1885,1,90.77,42.61
1886,1,92.38,121.24
1887,1,132.76,84.85
1888,1,146.93,183.35
1889,1,124.06,82.14
1890,1,103.99,0
1891,0,142.67,109.26
1892,0,36.87,0
1893,1,98.59,78.1
1894,1,112.71,46.22
1895,0,96.05,118.93
1896,1,147.17,81.57
1897,0,136.25,96.34
1898,1,119.28,156.99
1899,0,24.14,46.13
1900,0,139.74,56.07
1901,0,135.8,87.53
1902,0,99.21,103.67
1903,1,160.17,126.97
1904,1,74.58,119.03
1905,0,50.59,0
1906,0,77.48,60.99
1907,0,101.2,73.62
1908,0,53.46,66.97
1909,0,114.06,19.37
1910,0,38.37,0
1911,0,56.66,63.94
1912,1,42.18,99.36
1913,0,139.7,121.6
1914,1,122.33,60.83
1915,0,99.32,106.81
1916,1,28.83,38.97
1917,0,124.24,40.39
1918,0,105.8,82.36
1919,0,42.92,24.16
1920,1,115.99,90.99
1921,0,118.06,127.15
1922,0,113.4,227.6
1923,0,81.69,36.32
1924,0,78.95,55.04
1925,0,162.36,201.23
1926,0,176.65,199.24
1927,1,154.5,134.64
1928,0,92.7,0
1929,0,125.86,148.79
1930,1,32.69,36.84
1931,0,94.13,51.62
1932,1,234.86,223.39
1933,0,145.89,108.55
1934,1,115.44,124.49
1935,0,21.95,0
1936,0,56.87,93.12
1937,1,71.14,70.63
1938,0,121.32,62.26
1939,0,131.15,194.15
1940,1,74.21,111
1941,0,109.25,87.68
1942,1,96.88,78.97
1943,0,160.92,221.17
1944,1,134.08,158.88
1945,0,105.16,94.3
1946,0,119.68,85.81
1947,1,67.03,151.92
1948,0,108.19,44.11
1949,1,71.79,47.99
1950,1,144.81,82.57
1951,1,151.54,98.91
1952,1,15.92,14.51
1953,0,134.11,69.39
1954,1,137.13,192.42
1955,1,85.92,43.88
1956,0,73.44,72.7
1957,0,35.65,41.56
1958,1,111.58,66.2
1959,0,174.56,197.81
1960,1,20.97,0
1961,1,111.31,145.96
1962,1,45.7,57.77
1963,1,108.31,46.55
1964,1,128.01,168.25
1965,0,177.6,211.76
1966,0,131.78,198.5
1967,0,126.53,108.15
1968,1,154.53,145.7
1969,0,130.55,129.2
1970,1,87.91,109.16
1971,1,79.43,118.42
1972,0,167.68,138.47
1973,1,60.93,88.34
1974,1,59.52,99.24
1975,1,94.54,21
1976,0,99.91,132.73
1977,1,71.95,32.92
1978,1,70.17,83.44
1979,0,95.21,99.4
1980,1,152.65,156.58
1981,1,134.12,83.98
1982,0,165.83,113.81
1983,0,127.57,121.65
1984,0,150.61,165.06
1985,0,82.82,89.75
1986,1,57.12,115.17
1987,1,159.43,235.82
1988,1,123.91,98.65
1989,1,69.99,100.32
1990,0,76.04,105.47
1991,0,107.87,127.17
1992,0,132.76,119.17
1993,1,143.42,124.32
1994,0,153.1,156.38
1995,0,22.22,0
1996,1,95.21,86.29
1997,1,96.6,147.43
1998,1,137.74,150.76
1999,1,76.8,72
2000,1,40.87,0
