user,treatment_status,revenue
1,1,191.99
2,1,91.27
3,1,45.55
4,1,101.45
5,0,88.24
6,0,15
7,0,95.21
8,1,58.88
9,1,124.92
10,1,73.56
11,0,70.36
12,0,85.29
13,1,92.91
14,0,77.08
15,0,87.22
16,0,131.69
17,0,90.66
18,0,8.93
19,0,188.66
20,1,184.71
21,0,97.64
22,0,26.57
23,1,37.14
24,1,90.41
25,1,161.99
26,0,99.67
27,1,161.3
28,1,73.28
29,0,153.3
30,0,15
31,1,89.95
32,0,93.65
33,0,118.53
34,1,73.54
35,0,79.52
36,0,97.29
37,1,179.33
38,1,173.31
39,1,100.95
40,0,65.79
41,1,132.93
42,0,33.22
43,1,125.33
44,1,59.89
45,0,74.67
46,0,14.55
47,0,85.67
48,0,105.86
49,0,116.5
50,1,38.58
51,1,56.32
52,1,47.19
53,0,80.88
54,0,92.28
55,1,124.76
56,0,128.47
57,1,77.49
58,0,79.54
59,0,176.76
60,0,15
61,1,49.15
62,0,101.64
63,1,109.5
64,1,182.54
65,1,147.84
66,0,63.74
67,1,100.63
68,0,83.76
69,1,21.03
70,1,64.69
71,1,238.56
72,1,34.94
73,0,77.77
74,0,144.78
75,0,128.41
76,1,81.38
77,1,214.03
78,1,15
79,1,95.08
80,0,70.29
81,1,60.51
82,1,163.51
83,0,45.26
84,0,142.82
85,0,44.39
86,0,141.96
87,1,102.91
88,1,15
89,1,179.38
90,0,83.75
91,1,105.39
92,1,68.03
93,0,142.23
94,1,202.37
95,1,210.26
96,1,147.66
97,1,160.02
98,1,1.12
99,0,43.11
100,0,134.53
101,0,112.26
102,1,129.03
103,1,182.53
104,1,68.52
105,1,168.99
106,1,140.56
107,1,104.65
108,1,158.95
109,0,15
110,0,49.92
111,1,74.96
112,0,19.8
113,1,92.61
114,0,33.96
115,1,80.45
116,1,165.79
117,1,73.67
118,1,94.68
119,0,121.37
120,0,124.72
121,1,19.67
122,1,73.58
123,0,110.24
124,1,167.8
125,1,124.62
126,1,174.02
127,1,181.44
128,0,80.81
129,0,120.1
130,1,167.95
131,0,110.96
132,1,120.86
133,1,23.96
134,1,137.35
135,1,118.76
136,1,100.74
137,1,47.69
138,0,181.07
139,0,6.79
140,1,34.33
141,1,15
142,1,121.47
143,0,32.97
144,1,120.69
145,0,109.65
146,1,173.34
147,1,120.69
148,0,149.31
149,1,146.76
150,0,189.16
151,1,73.26
152,1,74.09
153,1,38.22
154,0,82.38
155,0,80.16
156,1,100.45
157,1,209.58
158,0,95.72
159,1,98.54
160,1,3.09
161,1,109.36
162,1,21.55
163,1,132.58
164,1,160.87
165,0,67.89
166,0,134.03
167,1,209.78
168,0,128.46
169,1,178.17
170,0,149.1
171,1,165.57
172,0,107.08
173,1,131.14
174,0,15
175,0,64.72
176,1,114.33
177,1,191.73
178,1,110.55
179,1,121.69
180,1,172.14
181,0,8.87
182,0,75.92
183,0,138.3
184,0,58
185,1,110.42
186,1,89.57
187,0,15
188,1,207.65
189,0,200.29
190,0,39.4
191,1,15
192,1,114.98
193,0,140.95
194,0,80.26
195,1,116.38
196,0,72.74
197,0,6.85
198,1,150.33
199,0,165.39
200,0,69.73
201,1,93.18
202,1,106.08
203,0,156.97
204,1,96.43
205,1,197.76
206,1,152.76
207,0,91.86
208,0,82.65
209,1,225.99
210,1,96.81
211,0,111.27
212,1,126
213,0,107.83
214,0,15
215,1,12.95
216,0,114.57
217,0,70.81
218,1,83.69
219,1,83.9
220,0,83.76
221,0,15
222,0,118.66
223,0,167.2
224,1,77.76
225,1,107.84
226,1,171.64
227,1,147.88
228,0,174.04
229,0,57.71
230,1,115.17
231,0,42.73
232,1,199.86
233,0,112.27
234,1,15
235,1,190.3
236,1,178.18
237,1,102.75
238,1,94.49
239,0,58.1
240,0,65.62
241,1,78.17
242,1,90.17
243,1,85.88
244,1,161.79
245,1,75.97
246,1,154.06
247,1,98.04
248,1,50.83
249,0,58.56
250,1,98.89
251,0,198.71
252,1,184.34
253,0,157.39
254,0,85.55
255,1,100.05
256,1,165.01
257,0,33.04
258,0,96.72
259,0,52.08
260,0,145.87
261,1,90.94
262,1,129.87
263,1,56.22
264,1,30.81
265,1,15
266,0,88.32
267,0,90.39
268,1,174.99
269,1,104.42
270,1,93.88
271,0,15
272,0,85.8
273,0,112.91
274,1,175.3
275,1,32.88
276,0,15
277,1,9.91
278,0,145.47
279,0,15
280,1,171.91
281,0,117.99
282,1,101.71
283,0,154
284,0,184.67
285,0,85.91
286,0,123.25
287,0,76.02
288,1,130.32
289,1,169.25
290,1,39.96
291,1,72.11
292,1,172.46
293,0,208.07
294,0,126.23
295,1,43.74
296,0,140.72
297,1,121.66
298,0,15
299,1,148.78
300,0,15
301,0,84.95
302,1,71.9
303,1,33.11
304,1,126.16
305,1,69.22
306,1,127.69
307,0,92.64
308,0,2.69
309,0,179.93
310,0,163.61
311,0,72.98
312,0,34.92
313,1,88.66
314,0,25.52
315,0,201.84
316,1,138.43
317,1,195.93
318,1,175.19
319,0,255.21
320,1,44.59
321,0,38.62
322,1,167.29
323,1,144.66
324,0,119.55
325,0,113.61
326,1,124.96
327,0,15
328,0,45.45
329,0,84.01
330,0,202.91
331,0,86.62
332,1,76.52
333,1,64.45
334,1,112.55
335,0,49
336,0,15
337,1,155.31
338,1,95.92
339,0,75.53
340,1,145.3
341,1,177.78
342,1,135.89
343,1,114.58
344,1,116.86
345,1,35.28
346,1,104.52
347,1,7.13
348,1,154.64
349,0,95.16
350,1,110.63
351,1,85.37
352,1,40.68
353,1,6.7
354,1,15
355,1,45.48
356,1,8.55
357,1,101.98
358,1,84.98
359,0,118
360,1,95.47
361,0,123.5
362,0,15
363,0,166.11
364,0,200.04
365,0,150.61
366,1,38.85
367,1,51.39
368,0,99.29
369,1,80.61
370,1,105.63
371,1,13.11
372,1,106.48
373,1,159.22
374,1,178.98
375,1,166.17
376,0,86.96
377,0,82.77
378,1,20.23
379,0,86.86
380,0,157.15
381,1,103.94
382,1,115.11
383,0,94.3
384,1,101.71
385,1,15
386,1,89.99
387,1,78.04
388,0,109.95
389,1,103.82
390,0,84.66
391,1,52.49
392,1,145.39
393,1,69.11
394,0,220.37
395,0,63.13
396,0,149.26
397,0,93.25
398,0,101.13
399,1,101.92
400,0,49.68
401,0,73.24
402,0,187.23
403,0,165.11
404,0,127.22
405,1,159.59
406,0,73.11
407,1,141.28
408,0,103.7
409,1,104.25
410,0,35.84
411,1,182.52
412,1,80.63
413,0,15
414,0,22.77
415,1,141.56
416,1,43.23
417,1,163.31
418,0,277.19
419,0,219.2
420,0,182.6
421,1,95.76
422,0,149.48
423,0,55.32
424,0,144.25
425,0,149.44
426,1,37.41
427,1,196.07
428,0,64.39
429,0,134.28
430,1,140.01
431,1,101.36
432,0,83.78
433,1,75.8
434,0,97.73
435,0,21.4
436,1,15
437,0,180.33
438,1,60.42
439,1,138.07
440,0,107.66
441,1,172.51
442,1,116.26
443,0,106.62
444,1,66.46
445,0,75.09
446,1,96.95
447,0,68.56
448,0,126.54
449,1,104.47
450,1,106.06
451,1,170.99
452,0,194.14
453,0,22.02
454,1,113.43
455,1,85.51
456,1,124.58
457,1,97.99
458,0,138.81
459,1,95.13
460,0,97.19
461,1,200.51
462,1,83.31
463,0,113.89
464,1,178.45
465,1,73.59
466,0,208.93
467,1,121.35
468,0,161.42
469,1,130.62
470,0,149.64
471,0,64.65
472,0,15
473,1,15
474,1,103.42
475,0,74.51
476,0,80.73
477,1,53.25
478,1,171.84
479,1,138.35
480,0,63.55
481,0,172.07
482,0,95.01
483,0,137.83
484,1,95.5
485,0,89.56
486,1,90.78
487,0,91.56
488,1,155.04
489,0,64.45
490,1,88.33
491,1,91.88
492,1,69.64
493,1,111.89
494,1,101.07
495,0,228.61
496,0,42.99
497,1,160.24
498,1,182.74
499,1,135.43
500,1,190.04
501,0,53.06
502,1,15
503,1,105.69
504,1,108.89
505,1,63.34
506,1,14.84
507,0,50.44
508,1,163.36
509,0,103.52
510,1,151.59
511,1,148.26
512,0,153.66
513,0,142.18
514,1,97.51
515,0,86.9
516,1,13.17
517,0,56.71
518,0,65.7
519,0,47.52
520,1,147.91
521,1,205.77
522,0,15.74
523,1,101.02
524,1,87.22
525,0,139.49
526,0,138.81
527,0,43.16
528,1,97.36
529,1,143.24
530,1,37.16
531,0,41.46
532,0,114.34
533,1,135.78
534,1,122.46
535,1,148.22
536,1,105.24
537,0,129.53
538,1,82.66
539,0,15
540,0,116.55
541,0,15
542,0,122.68
543,0,20.9
544,1,152.97
545,1,88.4
546,1,154.17
547,0,6.2
548,1,126.99
549,1,127.64
550,1,86.42
551,1,186.17
552,0,87.64
553,1,80.66
554,1,29.86
555,0,55.63
556,0,68.31
557,0,50.83
558,0,69.26
559,1,122.34
560,0,180.68
561,0,86.08
562,0,57.94
563,1,62.59
564,1,8.06
565,0,107.03
566,0,88.81
567,1,30.67
568,1,37.16
569,1,15
570,0,190.48
571,1,213.6
572,1,57.51
573,1,160.37
574,0,123.09
575,0,92.47
576,0,15
577,1,85.45
578,0,195.21
579,1,45.55
580,1,103.19
581,0,61.59
582,1,37.13
583,0,250.03
584,0,153.75
585,0,179.39
586,1,173.01
587,1,46.73
588,1,120.12
589,0,179.31
590,0,158.6
591,1,58.35
592,0,72.33
593,0,107.82
594,1,56.18
595,0,120.44
596,1,130.81
597,0,99.87
598,1,74.96
599,1,23.16
600,1,25.99
601,1,74.93
602,0,123.05
603,1,61.63
604,1,48.9
605,0,72.46
606,1,108.73
607,1,115.08
608,1,106.16
609,0,88.99
610,0,185.84
611,1,153.26
612,0,143.12
613,1,118.16
614,0,149.87
615,1,130.22
616,0,132.23
617,0,75.95
618,1,116.93
619,1,183.8
620,0,95
621,0,140.95
622,1,39.81
623,0,67.67
624,0,82.95
625,1,174.18
626,1,121.6
627,1,96.7
628,1,123.62
629,1,143.74
630,0,150.91
631,0,105.26
632,0,85.74
633,0,99.56
634,0,138.55
635,0,69.24
636,0,94.29
637,1,134.45
638,0,118.89
639,0,70.98
640,0,103.2
641,1,56.02
642,1,128.68
643,1,113.96
644,0,123.01
645,1,88.38
646,1,59.45
647,1,241.95
648,1,247.05
649,0,142.06
650,1,85.58
651,1,171.8
652,0,15
653,1,135.6
654,1,108.93
655,1,222.06
656,1,15
657,0,81.45
658,0,23.65
659,1,15
660,0,112.81
661,1,114.55
662,0,110.91
663,1,62.14
664,1,171.62
665,1,145.4
666,0,117.92
667,1,51.56
668,0,118.43
669,1,72.18
670,1,113.04
671,1,69.05
672,0,74.96
673,0,104.37
674,1,95.4
675,1,207.4
676,0,178.71
677,1,142.37
678,0,93.3
679,1,120.61
680,0,55.59
681,1,116.33
682,0,164.86
683,0,76.88
684,1,37.22
685,1,41.53
686,1,132.09
687,1,77.52
688,1,24.28
689,0,43.58
690,1,162.08
691,0,184.32
692,1,45.22
693,0,71.02
694,0,15
695,1,96.04
696,1,80.37
697,0,115.5
698,1,44.38
699,1,145.19
700,0,111.4
701,1,59.52
702,0,125.36
703,0,141.2
704,0,15
705,0,28.96
706,1,5.34
707,0,36.69
708,1,106.99
709,1,129.7
710,0,157.61
711,0,96.4
712,1,62.42
713,1,15
714,0,131.39
715,1,74.69
716,0,9.19
717,1,153.37
718,1,80.9
719,0,128.01
720,0,176.97
721,0,47.87
722,0,85.52
723,0,57.84
724,0,88.61
725,1,25.21
726,0,140.5
727,0,119.52
728,0,155.39
729,1,160.14
730,1,124.55
731,1,78.05
732,1,49.18
733,1,173.85
734,1,53.69
735,1,82.88
736,1,133.96
737,1,180.68
738,0,179.86
739,0,50.72
740,1,126.1
741,0,128.35
742,0,111.89
743,1,96.14
744,1,85.74
745,1,48.23
746,0,121.17
747,1,120.87
748,0,169.27
749,1,118.63
750,1,110.1
751,0,165.43
752,1,116.38
753,1,131.64
754,0,153.22
755,0,119.53
756,0,171.82
757,1,149.08
758,1,16.46
759,1,147.23
760,0,107.88
761,0,61.1
762,0,231.07
763,0,45.01
764,1,80.28
765,1,160.87
766,1,131.28
767,0,88.2
768,1,214.92
769,1,37.45
770,0,164.33
771,0,173.01
772,1,42.85
773,1,122.23
774,0,105.87
775,1,128.3
776,0,63.9
777,0,55.85
778,0,71.39
779,0,213.47
780,1,103.75
781,1,42.76
782,0,67.15
783,1,33.21
784,1,123.77
785,1,165.05
786,1,99.45
787,0,140.3
788,0,97.22
789,1,127.22
790,0,90.6
791,1,31.21
792,0,117.76
793,1,129.12
794,0,154.66
795,1,102.42
796,1,153.46
797,0,142.47
798,0,56.26
799,0,70.3
800,0,15
801,1,136.75
802,1,85.97
803,1,109.17
804,0,127.88
805,1,133.33
806,0,144.43
807,0,98.39
808,0,98.28
809,0,95.48
810,0,113.12
811,1,107.69
812,0,120.24
813,0,80.2
814,1,134.76
815,0,15
816,1,109.32
817,0,37.62
818,1,172.5
819,0,99.43
820,1,51.37
821,0,192.01
822,1,60.06
823,0,58.52
824,1,16.16
825,1,167.2
826,0,63.42
827,1,93.05
828,1,111.36
829,0,82.86
830,0,47.32
831,0,89.49
832,1,25.76
833,1,111.71
834,0,54.54
835,0,167.69
836,0,88.77
837,0,80.57
838,1,176.08
839,1,110.09
840,1,146.37
841,1,65.23
842,0,88.3
843,1,31.33
844,1,201.33
845,0,64.36
846,1,92.29
847,1,97.07
848,0,87.61
849,1,77.04
850,0,148.03
851,0,15
852,1,34.47
853,1,176.24
854,0,34.31
855,0,56.1
856,0,15
857,1,78.19
858,1,129.1
859,1,151.34
860,1,150.53
861,0,143.16
862,0,26.05
863,0,107.27
864,1,150.35
865,1,30.05
866,1,176.16
867,0,90.29
868,0,89.52
869,1,195.99
870,1,124.12
871,1,197.27
872,0,15
873,1,6.07
874,1,77.47
875,1,61.46
876,0,78.73
877,1,95.3
878,0,136.39
879,1,114.1
880,0,107.58
881,1,44.28
882,0,15
883,1,68.45
884,0,34.44
885,1,164.01
886,1,134.21
887,1,147.2
888,0,77.69
889,1,56.25
890,0,79.17
891,1,8.43
892,0,15
893,0,43.59
894,0,99.81
895,0,94.88
896,0,93.05
897,1,178.87
898,0,35.05
899,0,100.8
900,0,162.59
901,1,151.74
902,0,132.27
903,1,100.67
904,0,168.62
905,0,93.52
906,0,207.82
907,0,21.85
908,1,15
909,1,97.47
910,0,180.35
911,1,152.86
912,0,55.01
913,1,99.77
914,1,112.25
915,0,181.46
916,1,161.33
917,0,110.26
918,0,75.73
919,1,194.86
920,0,74.09
921,0,150.62
922,1,93.93
923,0,103.02
924,1,140.27
925,1,46.51
926,0,59.92
927,0,149.41
928,0,194.24
929,0,140.49
930,1,20.68
931,0,88.85
932,1,45.77
933,0,118.19
934,1,153.47
935,0,59.77
936,1,231.24
937,0,185.51
938,0,45.91
939,0,15
940,1,154.89
941,1,209.03
942,1,92.81
943,0,122.2
944,1,129.82
945,0,57.4
946,1,64.6
947,1,25.44
948,1,64.5
949,1,132.13
950,1,101.77
951,0,85.24
952,0,76.77
953,0,2.89
954,0,22.39
955,0,126.6
956,0,15
957,0,116.34
958,0,211.74
959,0,167.9
960,0,79.53
961,0,99.05
962,1,182.08
963,0,136.44
964,1,125
965,0,164.8
966,1,76.16
967,1,61.27
968,0,45.65
969,0,83.63
970,1,55.11
971,1,52.68
972,1,30.86
973,1,77.23
974,1,70.89
975,1,52.18
976,1,107.96
977,1,176.93
978,0,96.29
979,1,146.51
980,1,93.1
981,0,141.19
982,0,98.2
983,1,65.56
984,1,30.52
985,0,122.08
986,0,123.88
987,0,8.25
988,1,89.8
989,0,156.88
990,0,28.88
991,1,120.2
992,0,163.37
993,0,101.77
994,1,143.29
995,0,110.7
996,1,158.42
997,0,57.33
998,0,91.82
999,0,183.83
1000,0,33.11
1001,0,114.14
1002,1,155.07
1003,0,51.24
1004,0,186.25
1005,1,139.93
1006,0,110.99
1007,0,186.83
1008,1,34.75
1009,1,51.98
1010,1,65.81
1011,0,208.85
1012,1,98.6
1013,1,185.59
1014,0,82.78
1015,1,15
1016,1,219.94
1017,0,44.49
1018,1,15
1019,0,139.69
1020,1,172.94
1021,0,190.8
1022,0,158.59
1023,0,112.23
1024,0,193.37
1025,1,81.92
1026,1,146.58
1027,0,50.73
1028,1,74.74
1029,1,64.19
1030,1,72.83
1031,1,91.36
1032,1,63.34
1033,1,85.8
1034,0,128.66
1035,0,94.65
1036,0,125.42
1037,0,130.64
1038,0,96.18
1039,0,105.04
1040,1,117.23
1041,1,193.58
1042,0,16.6
1043,1,133.46
1044,1,100.95
1045,1,101.51
1046,1,72.1
1047,0,66.41
1048,0,158.1
1049,1,30.77
1050,1,74.12
1051,1,204.71
1052,1,16.3
1053,1,73.72
1054,1,182.82
1055,0,108.41
1056,0,100.84
1057,0,36.87
1058,1,136.44
1059,0,136.81
1060,0,96.86
1061,0,125.38
1062,1,83.27
1063,1,68.52
1064,0,127.52
1065,0,79.77
1066,0,159.16
1067,0,82.13
1068,1,127.96
1069,1,15
1070,1,104.63
1071,1,80.07
1072,0,78.77
1073,0,101.86
1074,0,22.17
1075,1,28.88
1076,1,52.46
1077,1,3.57
1078,0,150.85
1079,0,71.1
1080,0,45.75
1081,1,104.43
1082,1,114.85
1083,0,174.45
1084,0,91.75
1085,1,87.24
1086,0,69.05
1087,1,149.28
1088,0,121.78
1089,1,149.15
1090,0,76.32
1091,1,61.74
1092,1,15
1093,0,104.62
1094,1,56.19
1095,0,147.47
1096,1,134.49
1097,0,95.73
1098,0,72.63
1099,1,47.88
1100,0,157.44
1101,0,179.87
1102,1,94.92
1103,0,76.1
1104,0,74.35
1105,1,75.21
1106,1,239.64
1107,1,121.78
1108,1,82.33
1109,1,25.4
1110,0,131.64
1111,1,40.64
1112,1,39.12
1113,0,136.4
1114,0,75.18
1115,1,53.73
1116,1,137.32
1117,1,175.78
1118,0,117.81
1119,0,147.82
1120,0,114.13
1121,1,151.68
1122,0,135.72
1123,1,10.39
1124,1,96.24
1125,0,101.09
1126,0,170.2
1127,1,69.09
1128,0,215.19
1129,0,42.79
1130,1,11.46
1131,0,161.32
1132,1,125
1133,0,156.2
1134,0,58.78
1135,0,15
1136,0,116.06
1137,0,148.77
1138,0,108.58
1139,1,71.44
1140,1,118.4
1141,1,92.95
1142,0,115.3
1143,0,48.75
1144,1,36.27
1145,1,42.85
1146,0,115.32
1147,0,58.42
1148,0,15
1149,1,189
1150,0,113.67
1151,1,177.41
1152,1,43.55
1153,1,122.05
1154,1,139.63
1155,1,161.19
1156,0,105.69
1157,0,58.15
1158,1,80.14
1159,1,65.91
1160,0,55.95
1161,1,33.14
1162,1,117.98
1163,0,83.76
1164,0,152.67
1165,1,142.93
1166,0,96.69
1167,0,79.18
1168,0,127.61
1169,1,44.16
1170,1,125.27
1171,1,142.21
1172,1,83.84
1173,0,148.93
1174,0,58.12
1175,1,60.81
1176,0,54.66
1177,1,100.4
1178,0,13.56
1179,0,113.6
1180,1,158.45
1181,0,183.57
1182,1,87.86
1183,0,197.86
1184,1,113.14
1185,1,26.83
1186,1,15
1187,1,131.46
1188,0,113.02
1189,1,194.26
1190,1,151.82
1191,1,98.49
1192,1,221.97
1193,0,6.87
1194,1,78.72
1195,0,4.4
1196,1,159.61
1197,1,90.93
1198,0,141.97
1199,0,139.11
1200,0,112.21
1201,0,64.76
1202,1,140.1
1203,1,126.49
1204,1,51.01
1205,0,95.32
1206,1,41.22
1207,0,138.54
1208,0,97.22
1209,0,231.61
1210,1,23.41
1211,0,102.74
1212,0,64
1213,1,66.17
1214,1,70.35
1215,0,69.56
1216,1,141.29
1217,1,94.96
1218,1,114.93
1219,1,150.38
1220,0,224.29
1221,0,126.66
1222,0,205.45
1223,1,153.6
1224,1,72.95
1225,0,101.71
1226,1,99.15
1227,1,69.14
1228,0,148.46
1229,1,15
1230,0,110.7
1231,1,11.26
1232,1,85.21
1233,0,15
1234,1,195.2
1235,1,223.03
1236,1,113.72
1237,1,20.19
1238,0,8.28
1239,0,165.95
1240,0,15
1241,1,135.63
1242,0,87.68
1243,1,144.37
1244,1,165.56
1245,0,34.48
1246,1,191.85
1247,0,60.5
1248,0,61.33
1249,1,62.34
1250,1,107.23
1251,0,21.34
1252,1,46.29
1253,1,7.69
1254,0,52.57
1255,1,86.67
1256,0,0.82
1257,1,24.79
1258,0,88.13
1259,1,315.61
1260,1,67.86
1261,0,105.33
1262,1,14.89
1263,0,169.96
1264,1,88.56
1265,1,109.48
1266,1,105.35
1267,1,80.71
1268,0,109.77
1269,0,75.94
1270,0,128.51
1271,0,138.21
1272,1,127.88
1273,1,114.49
1274,0,36.07
1275,1,59.01
1276,1,175.25
1277,0,163.89
1278,1,122.2
1279,0,126.27
1280,0,183.87
1281,1,89.15
1282,1,123.29
1283,1,193.93
1284,0,15
1285,1,49.79
1286,1,186.23
1287,0,37.29
1288,1,53.77
1289,0,102.79
1290,0,38.3
1291,1,82.59
1292,1,168.28
1293,0,76.92
1294,0,150.78
1295,1,171.02
1296,1,15
1297,1,76.04
1298,0,140.76
1299,1,122.37
1300,0,153.07
1301,0,113.96
1302,0,107.72
1303,0,77.19
1304,0,178.7
1305,1,172.84
1306,1,4.32
1307,1,28.05
1308,0,105.31
1309,1,85.86
1310,0,39.1
1311,0,48.06
1312,1,15
1313,0,97.36
1314,1,83.87
1315,1,59.05
1316,0,99.78
1317,0,157.85
1318,1,76.04
1319,1,137.82
1320,1,144.32
1321,0,15
1322,1,23.85
1323,1,95.34
1324,0,151.06
1325,0,10.24
1326,0,140.75
1327,1,106.35
1328,1,83.47
1329,0,86.87
1330,0,107.17
1331,0,42.13
1332,1,209.59
1333,0,175.75
1334,0,74.9
1335,1,54.26
1336,0,44.9
1337,1,150.34
1338,1,175.65
1339,0,74.38
1340,0,73.18
1341,0,77.46
1342,0,203.44
1343,0,153.03
1344,1,40.29
1345,1,168.68
1346,1,85.53
1347,1,233.35
1348,0,103.46
1349,0,133.62
1350,0,81.41
1351,0,155.28
1352,1,148.84
1353,1,101.76
1354,1,115.36
1355,1,102.71
1356,0,19.9
1357,1,259.7
1358,1,109.94
1359,1,41.43
1360,1,113.99
1361,0,25.65
1362,1,30.31
1363,1,104.15
1364,0,81.29
1365,1,94.13
1366,1,157.28
1367,0,88.05
1368,1,174.38
1369,0,104.05
1370,1,136.06
1371,1,109.46
1372,1,128.48
1373,0,187.07
1374,1,203.5
1375,1,16.37
1376,1,93.7
1377,0,46.34
1378,1,135.84
1379,0,74.55
1380,0,156.78
1381,1,57.41
1382,0,15
1383,0,75.14
1384,1,80.86
1385,0,67.39
1386,0,77.34
1387,0,51.86
1388,0,152.78
1389,1,67.67
1390,0,27.35
1391,0,170.34
1392,0,83.17
1393,0,77.97
1394,1,55.76
1395,1,98.37
1396,0,119.17
1397,1,127.6
1398,0,176.54
1399,1,148.52
1400,0,109.29
1401,1,99.76
1402,1,59.32
1403,1,155.1
1404,1,83.74
1405,0,108.91
1406,1,161.94
1407,1,70.63
1408,1,81.43
1409,0,11.73
1410,0,70.98
1411,0,183.07
1412,1,97.92
1413,1,91.52
1414,1,160.26
1415,0,36.64
1416,0,81.39
1417,1,114.74
1418,0,28.27
1419,0,125.07
1420,0,113.67
1421,0,62.14
1422,0,140.81
1423,0,186.69
1424,0,45.67
1425,0,165.61
1426,0,100.23
1427,0,93.93
1428,0,146.1
1429,1,133.98
1430,0,84.83
1431,1,148.65
1432,1,197.87
1433,0,10.62
1434,0,10.49
1435,1,74.53
1436,0,204.33
1437,1,126.95
1438,1,15
1439,0,103.88
1440,1,170.94
1441,0,199.66
1442,0,10.55
1443,1,126.56
1444,1,83.84
1445,0,15
1446,1,201.99
1447,0,19.18
1448,0,170.06
1449,0,96
1450,1,155.39
1451,0,89.6
1452,1,108.29
1453,0,124.36
1454,1,97.25
1455,1,136.65
1456,1,74.57
1457,1,130.48
1458,1,158.96
1459,0,6.91
1460,0,50.46
1461,0,143.3
1462,1,81.56
1463,0,124.67
1464,1,70
1465,1,30.6
1466,0,126
1467,1,78.33
1468,1,83.06
1469,1,150.85
1470,1,42.18
1471,1,191.76
1472,1,46.69
1473,0,97.37
1474,1,44.32
1475,0,80.03
1476,1,131.99
1477,0,150.59
1478,0,177.72
1479,1,130.99
1480,0,132.23
1481,0,82.64
1482,0,88.43
1483,0,2.85
1484,0,134.93
1485,0,87.06
1486,0,113.16
1487,0,47.28
1488,1,108.68
1489,0,85.91
1490,1,59.58
1491,1,74.18
1492,1,112.31
1493,1,157.7
1494,1,52.99
1495,1,178.33
1496,0,125.42
1497,0,73.1
1498,0,100.54
1499,0,68.69
1500,0,131.02
1501,1,72.84
1502,1,172.66
1503,1,131.56
1504,0,61.98
1505,1,48.96
1506,0,120.17
1507,0,14.88
1508,0,52.69
1509,1,84.55
1510,1,156.92
1511,0,73.54
1512,1,15
1513,0,170.98
1514,0,15.29
1515,0,21.74
1516,0,66.82
1517,1,27.87
1518,0,86.26
1519,0,82.59
1520,0,182.73
1521,0,164.84
1522,1,171.55
1523,0,15
1524,1,153.31
1525,0,149.44
1526,1,132.94
1527,1,142.27
1528,0,145.86
1529,0,95.81
1530,0,113.08
1531,1,91.86
1532,1,100.06
1533,1,4.29
1534,0,112.44
1535,1,114.79
1536,0,78.02
1537,1,85.97
1538,0,124.44
1539,1,57.3
1540,1,137.77
1541,1,148.84
1542,1,123.16
1543,0,71.08
1544,0,246.6
1545,0,121.6
1546,0,153.15
1547,0,209.44
1548,0,114.82
1549,1,151.37
1550,0,36.04
1551,1,29.3
1552,0,128.81
1553,1,9.63
1554,1,92.29
1555,1,180.36
1556,1,125.3
1557,0,94.79
1558,0,127.29
1559,1,139.99
1560,0,64.98
1561,1,231.06
1562,0,114.9
1563,0,52.58
1564,1,161.64
1565,1,156.54
1566,0,22.2
1567,1,28.94
1568,1,96.2
1569,1,80.19
1570,0,297.88
1571,1,83.01
1572,1,168.19
1573,0,81.45
1574,1,112.3
1575,1,176.59
1576,0,109.11
1577,1,79.84
1578,0,56.26
1579,1,112.35
1580,1,95.96
1581,1,7.16
1582,1,102.39
1583,1,78.23
1584,1,25.67
1585,1,176.74
1586,1,169.4
1587,0,149.89
1588,1,164.91
1589,1,248.04
1590,1,118.75
1591,1,126.26
1592,1,195.32
1593,0,127.29
1594,0,36.67
1595,1,79.54
1596,1,81.75
1597,1,33.55
1598,0,162.28
1599,1,116.71
1600,1,172.87
1601,0,159.59
1602,0,136.97
1603,0,76.05
1604,0,81.95
1605,1,40.97
1606,0,18.92
1607,1,101.99
1608,1,130.54
1609,1,181.99
1610,1,33.64
1611,1,135.74
1612,1,178.63
1613,1,43.6
1614,0,15
1615,0,159.49
1616,0,34.52
1617,1,103.75
1618,0,45.77
1619,1,50.97
1620,1,78.51
1621,0,136.91
1622,1,199.84
1623,1,154.29
1624,0,76.94
1625,0,123.7
1626,0,99.7
1627,1,71.17
1628,0,165.29
1629,0,52.76
1630,0,28.15
1631,1,199.86
1632,1,101.78
1633,1,155.83
1634,0,125.53
1635,1,54.53
1636,0,141.29
1637,1,45.39
1638,1,94.35
1639,1,30.32
1640,1,62.52
1641,1,89.52
1642,1,75.44
1643,0,112.17
1644,1,14.55
1645,0,39.44
1646,0,76.58
1647,1,98.72
1648,1,22.68
1649,0,101.89
1650,0,88.06
1651,1,40.01
1652,1,191.49
1653,0,74.25
1654,0,26.62
1655,0,112.4
1656,1,41.51
1657,0,187.54
1658,0,89.47
1659,0,124.77
1660,1,169.63
1661,1,78.46
1662,1,226.84
1663,0,108.56
1664,0,61.32
1665,0,15
1666,1,70.51
1667,1,65.98
1668,1,81.13
1669,1,69.47
1670,0,32.78
1671,0,108.3
1672,1,80.98
1673,1,68.28
1674,1,115.74
1675,0,77.9
1676,1,75.75
1677,1,174.83
1678,0,102.12
1679,1,104.98
1680,1,80.25
1681,1,177.3
1682,0,83.54
1683,0,128.41
1684,0,89.29
1685,0,142.98
1686,0,64.19
1687,1,88.8
1688,1,50.18
1689,0,32.65
1690,1,70.92
1691,1,27.45
1692,1,38.73
1693,0,125.92
1694,1,192.05
1695,1,110.47
1696,1,172.95
1697,0,21.37
1698,1,100.76
1699,1,123.03
1700,0,17.51
1701,1,137.7
1702,1,104
1703,1,80.86
1704,1,156.06
1705,0,15
1706,0,199.5
1707,0,66.4
1708,1,159.12
1709,1,120.95
1710,1,51.21
1711,1,129.09
1712,0,175.94
1713,0,112.87
1714,0,82.64
1715,1,136.63
1716,1,134.1
1717,1,106.2
1718,0,92.57
1719,1,148.52
1720,0,181.11
1721,0,67.24
1722,0,144.01
1723,0,21.21
1724,0,135.17
1725,0,139.97
1726,1,64.48
1727,0,98.32
1728,0,161.36
1729,0,109.38
1730,0,78.21
1731,1,39.55
1732,0,86.29
1733,0,90.79
1734,1,175.95
1735,0,47.07
1736,0,186.56
1737,0,145.08
1738,0,52.37
1739,0,32.65
1740,1,10.68
1741,1,59.24
1742,1,206.12
1743,1,156.46
1744,0,103.3
1745,1,66.6
1746,1,17.78
1747,0,25.42
1748,1,115.49
1749,1,174.42
1750,1,155.35
1751,0,188
1752,1,58.74
1753,1,151.93
1754,1,79.5
1755,1,153.93
1756,0,85.98
1757,0,78.66
1758,1,133.34
1759,1,56.37
1760,0,19.01
1761,1,51.09
1762,1,100.34
1763,1,17.45
1764,1,103.57
1765,1,13.43
1766,0,129.7
1767,1,123.44
1768,0,180.33
1769,0,214.91
1770,0,30.35
1771,1,81.16
1772,0,142.26
1773,1,168.12
1774,1,47.11
1775,0,105.13
1776,1,142.65
1777,1,1.7
1778,1,147.45
1779,0,136.86
1780,1,140.47
1781,1,136.06
1782,0,144.06
1783,1,114.07
1784,0,116.47
1785,1,139.95
1786,0,58.84
1787,0,116.99
1788,0,145.08
1789,0,39.52
1790,1,215.36
1791,0,78.18
1792,1,54.19
1793,0,123.2
1794,0,46.02
1795,1,177.72
1796,1,86.75
1797,1,127.69
1798,1,118.05
1799,0,195.5
1800,0,4.38
1801,0,76.99
1802,0,131.82
1803,0,128.4
1804,0,189.39
1805,1,49.32
1806,1,41.6
1807,1,152.76
1808,1,100.38
1809,0,49.55
1810,1,176.13
1811,0,33.58
1812,1,111.31
1813,1,15
1814,1,156.45
1815,0,119.21
1816,0,65.41
1817,0,95.75
1818,0,75.85
1819,0,89.74
1820,1,100.24
1821,1,31.21
1822,1,155.69
1823,1,128.51
1824,0,16.72
1825,0,236.82
1826,0,145.61
1827,1,5.1
1828,0,103.36
1829,1,161.62
1830,0,181.52
1831,1,81.54
1832,1,45.8
1833,0,87.42
1834,1,120.32
1835,1,3.53
1836,0,74.15
1837,0,62.43
1838,1,155.57
1839,0,59.51
1840,0,38.35
1841,0,43.86
1842,1,109.12
1843,0,15
1844,0,91.76
1845,0,2.92
1846,1,52.73
1847,1,21.66
1848,1,124.59
1849,0,96.73
1850,1,1.9
1851,1,184.02
1852,1,69.84
1853,1,135.46
1854,0,100.52
1855,0,213.83
1856,1,36.68
1857,1,140.87
1858,0,15
1859,0,88.88
1860,1,128.62
1861,0,110.15
1862,0,15
1863,0,57.69
1864,0,122.46
1865,0,119.5
1866,1,99.46
1867,1,136.69
1868,1,99.98
1869,1,117.84
1870,1,162.15
1871,0,152.11
1872,1,80.56
1873,0,51.96
1874,1,89.16
1875,0,182.96
1876,1,126.09
1877,0,142.64
1878,0,131.65
1879,0,57.31
1880,0,0.04
1881,0,161.01
1882,1,70.91
1883,1,222.65
1884,1,95.51
1885,0,184
1886,0,49.44
1887,0,96.22
1888,0,115.49
1889,0,117.3
1890,1,150.56
1891,0,116.48
1892,1,131.24
1893,1,33.55
1894,0,192.98
1895,0,139.57
1896,1,190.7
1897,0,70.74
1898,1,108.37
1899,1,132.9
1900,0,113.59
1901,0,78.47
1902,1,152.13
1903,1,138.58
1904,0,80.24
1905,0,224.84
1906,1,15
1907,0,95.4
1908,0,199.41
1909,1,113.34
1910,0,72.07
1911,0,84.59
1912,1,175.45
1913,0,79.23
1914,0,135.65
1915,0,99.75
1916,1,136.04
1917,0,29.72
1918,0,160.91
1919,0,42.01
1920,0,98.59
1921,1,76.12
1922,0,122.89
1923,0,116.27
1924,1,158.27
1925,1,27.64
1926,0,45.91
1927,1,103.87
1928,1,99.28
1929,1,114.03
1930,1,24.23
1931,0,100.3
1932,1,15
1933,0,15
1934,0,77.38
1935,0,51.82
1936,0,95.01
1937,0,28.22
1938,1,61.18
1939,0,113.83
1940,0,54.19
1941,1,102.14
1942,1,128.56
1943,0,173.21
1944,1,188.2
1945,1,115.09
1946,1,21.62
1947,0,84.81
1948,0,175.97
1949,1,121.08
1950,1,99.2
1951,1,37.62
1952,1,88.73
1953,1,143.02
1954,1,92.48
1955,0,38.64
1956,1,95.82
1957,1,20.42
1958,1,15
1959,1,59.65
1960,1,92.48
1961,0,124.81
1962,0,202.5
1963,0,59.15
1964,0,21.46
1965,1,89.54
1966,0,14.13
1967,0,26.79
1968,0,71.88
1969,1,125.87
1970,1,160.01
1971,0,101.38
1972,0,68.77
1973,0,129.66
1974,1,135.5
1975,0,3.34
1976,1,75.49
1977,0,133.72
1978,0,27.62
1979,0,151.41
1980,0,156.61
1981,1,52.43
1982,0,15
1983,0,9.17
1984,1,26.47
1985,1,57.34
1986,1,66.49
1987,0,78.78
1988,1,130.68
1989,0,15
1990,1,156.61
1991,0,20.06
1992,1,149.85
1993,1,66.23
1994,1,130.26
1995,0,66.05
1996,1,61.48
1997,0,114.68
1998,0,147.44
1999,1,162.41
2000,0,15.92
488,1,127.37
3,1,15
1209,0,174.28
1813,1,101.63
1970,1,144.96
1863,0,15
1721,0,61.65
156,1,165.92
1362,1,37.56
572,1,105.65
1201,0,86.19
1830,0,162.28
631,0,96.76
1572,1,156.72
635,0,63.22
432,0,53.63
1166,0,167.72
1359,1,52.79
1395,1,101.32
1986,1,25.95
993,0,48.93
1654,0,37.34
1045,1,112.23
1172,1,57.83
1895,0,231.7
640,0,86.05
843,1,50.19
1116,1,104.63
1456,1,149.96
844,1,131.7
125,1,137.06
468,0,222.48
530,1,32.45
1182,1,190.94
1207,0,152.87
1446,1,199.83
1899,1,74.84
1933,0,34.89
264,1,82.41
1677,1,157.69
647,1,192.82
1631,1,113.56
174,0,15
1726,1,104.18
916,1,195.16
1011,0,66.91
764,1,45.01
655,1,156.44
1728,0,201.51
1263,0,67.49
393,1,87.43
1277,0,106.49
910,0,204.11
269,1,77.37
767,0,126.12
824,1,31.43
693,0,25.8
1586,1,210.36
685,1,124.55
1296,1,3.57
1283,1,103.21
1729,0,54.52
1064,0,119.04
1526,1,141.51
1387,0,127.72
1022,0,142.47
1958,1,93.37
1608,1,64.75
622,1,64.71
372,1,125.96
935,0,95.16
1910,0,9.89
302,1,125.29
1136,0,161.7
1927,1,65.29
736,1,178.54
1366,1,93.56
835,0,114.49
1939,0,127.13
541,0,15
1596,1,37.89
1391,0,167.99
1208,0,87.83
1926,0,162.95
512,0,213.88
217,0,64.56
487,0,134.71
1880,0,62.94
1908,0,187.89
1552,0,111.63
1153,1,102.67
1758,1,168.76
656,1,67.94
170,0,172.97
713,1,73.69
620,0,56.08
1177,1,123.05
1316,0,106.44
272,0,51.81
416,1,30.94
385,1,28.76
310,0,170.29
921,0,219.77
183,0,50.6
797,0,176.21
389,1,128.94
1414,1,171
413,0,93.09
1416,0,87.94
927,0,116.52
1176,0,86.82
231,0,86.25
792,0,83.25
1437,1,50.1
1220,0,105.09
1,1,164.84
654,1,63.11
1299,1,97.59
93,0,94.45
1164,0,146.64
1110,0,112.36
1536,0,98.9
1121,1,161.56
861,0,163.9
515,0,26.92
298,0,15
259,0,135.12
1706,0,223.79
579,1,11.15
698,1,77.47
805,1,161.59
1805,1,59.94
228,0,40.27
98,1,56.88
24,1,27.5
1376,1,181.88
1146,0,97.16
430,1,128.48
146,1,143.23
1059,0,100.79
1716,1,165.6
1158,1,134.2
754,0,105.26
424,0,129.97
1002,1,88.2
987,0,15
141,1,2.35
1380,0,200.65
706,1,15
386,1,161.07
1475,0,170.27
287,0,81.6
1717,1,30.56
1462,1,10.66
490,1,85.14
1118,0,51.16
831,0,112.81
1844,0,200.3
1568,1,68.4
565,0,72.65
1280,0,112.38
1420,0,23.39
1356,0,82.37
1824,0,15
1788,0,113.85
1987,0,90.07
613,1,137.49
1819,0,146.77
1776,1,91.2
1125,0,90.98
1913,0,125.11
1133,0,108.16
352,1,80.91
780,1,40.57
1293,0,92.83
1734,1,190.19
884,0,37.01
1353,1,94.26
632,0,96.58
323,1,176.22
1662,1,170.57
1996,1,130.39
1294,0,195.68
1424,0,15
1691,1,22.82
315,0,189.73
295,1,79.63
1105,1,136.95
1100,0,185.45
883,1,27.64
1912,1,170
76,1,109.55
1243,1,87.31
796,1,100.34
1817,0,148.81
578,0,236.07
1124,1,157.97
668,0,185.28
894,0,87.92
1468,1,85.69
629,1,121.55
1884,1,136.25
912,0,92.06
60,0,15
1945,1,36.17
1781,1,123.84
1640,1,65.45
44,1,15
1746,1,33.16
1702,1,128.62
271,0,38.44
1264,1,122.44
549,1,117.74
79,1,126.99
807,0,61.11
1649,0,81.29
1223,1,77.3
624,0,112.96
1262,1,28.05
938,0,34.9
661,1,82.92
688,1,63.35
1307,1,150.03
619,1,132.63
1085,1,120.52
479,1,133.5
1769,0,158.26
391,1,60.82
137,1,21.97
57,1,53.96
1932,1,15.58
1191,1,138.03
1079,0,87.78
1244,1,125.58
1868,1,87.25
920,0,157.93
1407,1,118.18
356,1,35.84
1718,0,156.91
890,0,102.19
1639,1,63.98
1019,0,140.51
406,0,127.88
1852,1,142.53
1953,1,154.81
1162,1,107.98
305,1,67.38
724,0,71.9
1828,0,105.43
4,1,128.45
417,1,188.18
128,0,82.65
858,1,152.58
87,1,94.63
1139,1,64.25
1989,0,100.14
521,1,174.99
722,0,116.85
543,0,9.45
507,0,47.56
173,1,103.46
1995,0,80.97
1735,0,62.94
700,0,151
1493,1,84.84
65,1,103.56
1839,0,72.79
463,0,98.09
1403,1,148.2
886,1,167.89
1127,1,80.84
1275,1,15
854,0,49.77
355,1,13.29
758,1,15
595,0,110.65
1742,1,170.56
864,1,172.19
1855,0,86.34
1229,1,61.28
6,0,11.42
1055,0,110.41
1507,0,48.68
794,0,121.92
350,1,135.84
902,0,121.83
1678,0,184.08
1123,1,33.66
291,1,95.71
1538,0,97.93
418,0,313.22
37,1,175.19
1524,1,156.59
331,0,104.53
1020,1,182.31
388,0,61.44
1655,0,5.13
294,0,73.74
1555,1,182.39
220,0,153.78
933,0,74.22
446,1,135.5
210,1,40.69
1184,1,71.49
1393,0,101.66
972,1,18.1
1890,1,115.05
897,1,170.53
321,0,76.36
1383,0,159.09
1388,0,48.54
58,0,65.54
1345,1,107.26
630,0,122.57
667,1,15
684,1,16.26
489,0,128.71
860,1,116.26
1900,0,87.09
930,1,15
1906,1,25.69
1168,0,116.7
1057,0,65.74
520,1,141.4
1128,0,145.79
378,1,5.92
327,0,11.05
540,0,95.69
990,0,42.62
1157,0,15
814,1,57.53
765,1,54.68
1690,1,69.48
645,1,78.26
71,1,176.44
1966,0,64.04
1260,1,206.46
1119,0,165.04
660,0,97.49
1941,1,52.51
513,0,133.33
607,1,141.79
662,0,137.76
139,0,15
1337,1,105.63
1574,1,124.85
1990,1,116.22
1179,0,165.26
1078,0,175.12
975,1,15
77,1,114.71
1365,1,81.19
364,0,204.17
376,0,93.05
1379,0,79.64
227,1,103.12
1835,1,83.71
911,1,104.78
1814,1,104.64
1543,0,139.25
634,0,103.72
1054,1,76.99
431,1,146.56
1885,0,168.89
841,1,123.18
343,1,48.22
322,1,113.46
815,0,85.61
777,0,31.56
1107,1,151.54
256,1,221.83
1197,1,36.02
755,0,132.32
1324,0,113.4
1673,1,48.66
997,0,62.74
1972,0,112.71
357,1,87.45
1764,1,155.97
653,1,97.09
1138,0,56.47
400,0,31.05
1021,0,58.72
1300,0,20.19
1977,0,87.93
1879,0,112.43
1948,0,189.92
1007,0,170.96
769,1,93.34
1861,0,114.45
1081,1,117.61
1016,1,240.26
1804,0,116.56
1292,1,176.59
1222,0,145.5
66,0,14.74
367,1,32.63
47,0,133.49
1063,1,116.32
964,1,147.12
195,1,143.96
251,0,125.21
1074,0,37.85
1997,0,50.99
370,1,72.7
818,1,125.96
464,1,229.46
1435,1,122
1992,1,127.87
11,0,68.56
1126,0,184.42
1757,0,108.81
1329,0,121.01
219,1,128.3
278,0,151.1
611,1,117.88
1541,1,124.61
1634,0,175.81
1479,1,124.73
1937,0,33.09
727,0,137.26
678,0,80.76
1680,1,84.82
380,0,157.35
1018,1,31.11
1549,1,172.35
1712,0,121.4
1759,1,93.92
791,1,175.31
813,0,88.84
1687,1,61.09
1218,1,123.1
1695,1,146.19
1871,0,122.96
1563,0,128.03
1093,0,26.35
647,1,201.79
618,1,86.04
500,1,139.49
1468,1,98.33
1948,0,169.74
1366,1,143.39
1418,0,56.32
336,0,15
1522,1,35.28
1102,1,168.7
796,1,83.21
1028,1,48.56
852,1,75.66
526,0,167.72
614,0,146.47
1359,1,44.61
152,1,45.07
1006,0,116.13
863,0,57.61
1248,0,95.31
1889,0,87.81
434,0,105.71
9,1,113.95
1647,1,139.7
24,1,37.09
1320,1,124.08
90,0,33.18
1108,1,74.66
396,0,84.13
1521,0,104.97
582,1,68.4
193,0,128.74
1206,1,130.74
1396,0,145.08
225,1,96.97
1495,1,65.04
1101,0,155.98
932,1,68.89
242,1,116.51
975,1,41.81
232,1,177.75
1421,0,166.74
1268,0,149.15
703,0,198.21
1726,1,85.39
1861,0,147.76
985,0,103.88
958,0,224.96
1291,1,82.79
328,0,15
925,1,127.26
1661,1,45.62
383,0,63.73
1138,0,163.69
440,0,173.73
808,0,51.62
1562,0,93.49
73,0,29.67
1942,1,174.71
1113,0,75.93
822,1,11.5
1616,0,44.84
1856,1,33.29
182,0,179.74
1907,0,75.47
1066,0,127.92
382,1,122.31
397,0,87.86
855,0,96.77
1080,0,79.04
1781,1,106.17
116,1,180.62
909,1,80.06
1367,0,141.84
1770,0,65.73
529,1,167.64
1501,1,49.82
642,1,117.37
917,0,176.85
1749,1,162.38
900,0,147.31
1626,0,54.21
379,0,122.99
1625,0,116.76
508,1,185.43
472,0,94.05
961,0,98.94
886,1,194.21
556,0,113.21
448,0,83.99
1341,0,77.54
1836,0,91.39
1127,1,112.74
1777,1,54.42
815,0,40.76
928,0,201.87
237,1,106.87
701,1,56.74
511,1,124.67
1237,1,87.41
1031,1,82.4
550,1,127.28
1475,0,160.78
532,0,59.52
286,0,88.86
1823,1,147.81
1230,0,99.2
292,1,184.64
58,0,121.99
1410,0,81.34
1851,1,192.47
1246,1,239.31
1716,1,176.04
1289,0,102.13
